DATE,STAR,LIKE,DISLIKE,TITLE,REVIEW
2022-07-22 15:38:29,4,0,0,謎です……,運営様方素敵なアップデートなどをいつもありがとうございます。  クリエイターが送れるようになってるなんだか嬉しいです。クリエイターが送れるようになって思ったのですが、投稿のタグから行く時の〈着替える〉のところで髪が表示されないのは何故なのですか？公式アイテムでもクリエイターでも表示されないのがよく分からないです。
2022-07-22 08:16:58,4,0,0,こんな機能があったら…！,"運営さん いつもお疲れ様です( ˆ꒳ˆ )
今日は、ZEPETOをやっていて
『こんな機能があったら💭』もしくは
『追加して欲しい機能』
について書こうと思います！(理想)

①リサイクル機能
zemやcoinのアイテムを購入した際に、
『やっぱりこれ要らないかも…』
となってしまったアイテムを買った時と
同じ値段でリサイクル(売る)できたら…！

②パーティゲームの賞金
賞金が、1位でも100coin なので
もう少し高く…例えばですが、
1位→300coin　2位→200coin　
3位→100coin　4位→50coin
みたいにできたら…！

③ジャンプマスターでzemが貰える確率
貰える確率が低くて、何回やってもあまり
もらえないので、
2〜3回に1回くらいの確率だったら…！

以上 私の理想機能 です！
とくに①が1番の理想で、もし実現できたら…！
かなり幸いです！(⑉• •⑉)❤︎
理想が高くて申し訳無いのですが、
そこを少しでも実現できたら嬉しいです！

長文失礼致しました🙇"
2022-07-22 07:37:54,4,0,0,お願い、,マッチングの復活求みます！　マッチングで友達を作ってたのでとても悲しいです😢　いろんな方に僕の趣味などを知ってもらいたいのでお願いです！　アプリは面白い　、！、
2022-07-22 06:39:01,1,0,0,全然楽しくない,"まず初めに一番嫌なことを紹介します
1・エロい話が多すぎる
これはどう見てもやばいですよね、環境の良い
ゲームにして欲しいです
2・連絡先や現実で会おうねなどの誘導をよくありました、これ、ちょっと頭くるくるパーですね
いいところ
1・服が可愛い
これはめっちゃいいことです!可愛くて現実みたいな服、髪だらけです🦰
2・coin、themが溜まりやすい
coinは結構貯まります、themはアンケートを答えると貰えますね
以上です
楽しいけど、やばいところがありすぎて楽しくなくなります。ちゃんとして欲しいです、
これで私一回マジで『顔見せて？あそこ見せて？』など言われて混乱してました、
気をつけて欲しいです
長文失礼しましたm(_ _)m"
2022-07-22 05:49:53,1,0,0,^ ^,"昔のゼペットに戻して欲しい。
ワールドが多すぎて公式のワールドが昔は満遍なくいたのに今は誰一人居ない公式のワールドが多い、
昔の感じが無くなった"
2022-07-22 04:36:31,2,0,0,んー,面白いけどあんまゼムたまらんし、重い‼︎
2022-07-22 02:30:01,5,0,0,楽しい,"2~3年間ゼペットを遊んでいます！(現中3)

まず、クリエイターアイテムをプレゼントできるようにしてくれて本当にありがとうございます❕💖💖誰か私の欲しリス減らしてもいいですよ〜🫣🤍wwwすみませんwwww

あとこれは結構前かもしれませんが身につける小物の大きさ、場所、傾きなどが細かく調整できるようになったのと、カメラのアクションでとる時にべろをべーってしたらアバターも出してくれるようになりました！👅✨笑
これはほんとに嬉しかったです！可愛い！

次のアップデートでやって欲しい事言います！

まず、コメント欄で返信する時に○○さんのコメントに返信するならそのコメントのしたに返信みたいな！語彙力がないですが笑、TikTokみたいな感じにしてほしいです！！

もう1つはみなさん言ってますが、やっぱり無課金からしたらゼムが稼ぎにくすぎます…🥲
自分は制限がかかっていてミッションもネットのリンクに飛びにくかったりと稼ぎにくいし、契約会社(SoftBankとかdocomoとか)によったら対処ミッションがないのもあります！！
なのでゼペット内のミッションでもう少し簡単に増やせるようお願いします🙏🏻💞

最後にゼペット運営さん公式ゼペットアカウントフォロワー100万人おめでとうございます！！！👏🏻イベント参加させていただきます💖これからもゼペットをよりよくしていってください！！ずっと遊ばせてもらいます😽🤍🫶🏻"
2022-07-21 18:11:08,4,0,0,クエスト欄のバグ,"ゼペットのクエストって、5回と10回クエストクリアするごとにコインとか貰えるじゃないですか？
それで今日、10回クエストクリアしたら1zem貰えるはずだったんですよ！なのにクエスト欄1回閉じたら10回クエストクリアしたら貰えるのが150コインになってたんですよ!?
しかも今回が初めてじゃなくて、3回くらい既に経験してて、
このバグ治してください😭"
2022-07-21 15:38:50,5,0,0,神ゲー,スキンが可愛くて最高です！❤️楽しすぎます❕まだ始めたばかりですけどすっかりハマってしまいました😍これからもよろしくお願いします
2022-07-21 07:08:25,5,0,0,クリエイターが嬉しすぎる,"私は，正直ZEPETOを辞めようかと思いました
クリエイターのプレゼントが出来なかった時は
服がありすぎて、コーデも余り出来なくなり始め，つまらなくなっていたからです
だけれど、クリエイターが出来るってなった
時は、すごく嬉しかったです
themを溜めている人でもプレゼント
出来ると言うのが嬉しかったです
前まで欲しかった者でも、今は貰って
凄い愛用しています
運営さん有難う御座います😭"
2022-07-21 06:00:57,5,0,0,とてもいい👍🏻,"2018年12月からゼペットをやらせて頂いています🙇🏻‍♀️💖
昔も洋服など髪型など色々可愛かったですが今は更に可愛くなっていて、衣装、ワールドなど色々作れるようになってすごく良くなりました👏🏻👏🏻でも、昔はなかったことがあるようになりました。
「体の写真送って」など、「ギフトちょうだい」「キモイ」とかDM
で言われることが多くなりました(多分他の方も言われてる)こーゆー
ことで皆さん多分困ってると思います🥲もちろん私も困ってます。。
でもゼペットのいい所は沢山あって、悪いことよりもあるので私は
星5です🙌🏻💗これからも色々なアップデート楽しみにしています🙇🏻‍♀️"
2022-07-21 03:31:44,2,0,0,アップデート,アップデートができません(?)アップデートさせてください🙇‍♀️
2022-07-20 23:03:46,4,0,0,運営様よろしくお願いします,"運営様いつもお疲れ様ですm(_ _)m
いつも楽しませて貰って頂いてる者です( *ˊᵕˋ)ﾉ
私の持ち物には初期の頃に買った必要のないものが沢山あります。なので服や髪アクセサリーなどを売れるようにして頂きたいです！別に売ってcoinやthemが戻ってくるようにはしなくても大丈夫です(๑•̀ㅁ•́ฅ✧
良い検討お願いしますm(_ _)m"
2022-07-20 18:39:40,5,0,0,レビュー,"クリエーターのアイテムが高すぎるのが欠点…
ゼムが出る確率を上げたほうがいい(≧∇≦)b"
2022-07-20 15:45:18,3,0,0,こういう機能あったらいいなぁーーーーー！,こういう機能が、追加されたら、もっと便利だなぁーと、思うやつを書きます ・themを、もっと簡単にゲットできるようにしてほしい 💎 ｢まぁ今で言うジャンプマスターみたいな感じですジャンプマスターは、すごくいいと思いますただゴールして、themをゲットできる確率を、もっと増やしてほしいです｣ ・スマホ、iPadでも、ワールドを、作れるようになれるようにしてほしい 「これが、実現したら、まぁもう絶対楽しいと、思います♡」
2022-07-20 10:35:06,1,0,0,アプリ自体が開けなくなりました。,"ある時からアプリを開こうとしても、直ぐに画面が暗くなってホーム画面に戻ります。
何回繰り返しても同じことになるので
アプリ自体無くなったのかと思ったらあるので
アプリストアからゼペットを調べて押しても同じことになります。

気に入って使ってただけに残念です"
2022-07-20 05:52:11,4,1,0,返品機能,間違えていらない商品を買ってしまったのでアップデートで返品機能をつけて欲しい
2022-07-20 05:23:25,5,0,0,要望がありますm(_ _)m,"長年楽しませていただいてます。ZEPETO愛してる。クリエイターアイテムプレゼント出来るようにしていただき有難うございました！

要望は、ポーズやダンスを自分で作れるようにして欲しいです。クリエイターのように、運営様に提出して許可が降りた物のみ使用出来る等でも良いと思います。または、公式ユーザーのみが作れるなど。これが出来ればより一層zepetoが楽しくなると思います。"
2022-07-20 01:39:57,5,0,0,さいっっっっこう！,今回のアプデ神ですか！？クリエアイテムギフトできるとか感謝しかないです好きです好きです…あと一つお願いがありますそれは 　　　　　『themを簡単に貯めれるミニゲーム』 を追加してほしいです………そしたらめっちゃ嬉しいです‼️
2022-07-20 01:19:52,5,1,0,良い点と悪い点,"まだ初めて20日しか経っていませんが、
悪い点
　アカウントを作って30日すぎないとギフトを
　送れない。
良い点
　楽しい。　服が可愛い。　色んな人と
　　　　　　　　　　　コミュニケーション
　　　　　　　　　　　　　　をとれる"
2022-07-20 01:16:48,4,0,0,尽然头像角色不能移动,"是头像角色不能动，不是别的
而且好像只有我的服务器有问题"
2022-07-19 22:34:34,3,0,0,お願いしたいことがあります,"いつも愛用させていただています。
今回のアップデートでクリエイターのものをギフトできるようにしてくださってありがとうございます✨。しかし、それと同時にどうやらipadでやっている方たちは、アクションでアバターそのものが動かせないようです。わたしもそうなっていて、とても不便です。そこのところ改善お願い致します！"
2022-07-19 04:39:34,4,0,0,いいんだけど…,いつも遊ばせてもらっています。とても、面白くっていいアプリだと思います。ですが、一つだけ悪いところがあります。それは、途中でアプリが落ちることです。アスレチックをやっていたのに途中でアプリが落ちて、最初からアスレチックをやらなくてはならなくなってしまうので、できれば直して欲しいです。
2022-07-18 21:15:56,4,0,1,改善して欲しい点があります。,最近、クリエイターさんのアイテムがギフトできるようになった事は、ありがたいのですが…クリエイターさんのアイテムや間違えて欲しいアイテムではない物を買った場合、返品して、そのアイテムが10themだとしましょう。その10themのアイテムを返品して、間違えて買ってしまった分の10themが、自分のもっにかえってくるように、して欲しいです。
2022-07-18 16:37:29,4,0,0,よろしくおねがいします,"いつもとても楽しく遊ばせていただいておりましたが、急にアプリ自体が開けなくなってしまい、開こうとアイコンを押すと直ぐに落ちてしまう状態です。
SNSで調べてみても、同じような方が沢山いらっしゃるようです。
お忙しいとは存じますが、
原因の解明と、問題改善をお願い致します。
これからも頑張ってください🫶"
2022-07-18 06:31:59,5,1,0,運営様へ,"約1年半ゼペットをプレイしてるここなです。
今回は、今後ゼペットに追加して欲しい物を書かせてもらいます。

1・スマホでワールド作り
  理由(パソコンが苦手な人でもスマホで作れるようになりたいです.ᐟ.ᐟ)

2・スマホで服作り
  理由(さっきと同じく、パソコンが苦手な人でもスマホで作れるようになりたいです.ᐟ.ᐟ)

3・メッセージ取り消し機能
  理由(メッセージで間違えて送信した時、消せないのが嫌です😖)

これぐらいです.ᐟ.ᐟレビューを書かせてもらい、ありがとうございます.ᐟ.ᐟ"
2022-07-18 03:04:17,4,0,0,ばぐ?,"アイコンの自分のフォトブースのようなものが動かせないんです.
そこを改善して欲しいです‪( •̥ ˍ •̥ )‬"
2022-07-18 02:25:38,3,1,0,楽しいです,"単純にアバターを着せ替えたり､自分好みの顔を作れたり､友達とWorldで遊んだりと､非常に楽しませていただいています。
しかし､突然フォトブースで自分のアバターが移動､拡大､縮小が一切出来なくなってしまいました｡アイコンを変えようにもやはりアバターが動かせず､とても困っています｡
何か解決策があればご教授を､バグであれば早急な改善をお願い致します｡"
2022-07-18 01:11:50,5,1,0,無課金の人がいることを考えてほしいです🙇‍♀️,coinはcoinのままでいいんですけどthemは課金しないと貰えないんです（ほとんど）なので1000coinで1themなどcoinをthemに変えることができる機能がついてほしいなって思いました。難しいことだとわかっているんですけどそうしたら無課金の人も嬉しいですし、それによってクレクレなども少しは軽減できるんじゃないかなと思いました。ゼペットはすごく楽しいので変える機能だけついたりバグなどが少なくなったら完璧だなと思いました🤓これからも使わせていただきますよろしくお願いします💗🙇‍♀️
2022-07-17 22:40:32,5,1,0,リクエスト,"アイコン変える時自分のアバターを編集してやっているためアイコンの設定の際ポーズを押し自分のアバターを退けて背景のみでアイコンを作っています。ですがアップデートされたのかアバターを動かせられなくなっているので前の感じに戻していただきたいです！
아이콘을 바꿀 때 자신의 아바타를 편집해서 하기 때문에 아이콘 설정 시 포즈를 눌러 자신의 아바타를 물리치고 배경만으로 아이콘을 만들고 있습니다.하지만 업데이트가 되었는지 아바타를 움직일 수 없게 되어 있기 때문에 이전 느낌으로 되돌려 주셨으면 합니다!"
2022-07-17 20:51:38,5,1,0,なんかバグってない？,"プレゼントで送って貰ったクリエイターアイテムが表示されず、購入していない状態に戻っている？んですけどバグですかね💦
プレゼントの所も受け取ったはずなのに最初から贈られていないようになってます、
バグなら治してもらいたいです😭"
2022-07-17 17:30:25,5,0,1,とても楽しいです❕,最高すぎて言うことがありません🙇‍♀️
2022-07-17 12:09:10,1,0,0,バグが多い,さすがにバグが多すぎる１ヶ月に1回は当たり前
2022-07-17 08:34:03,4,1,0,通行人,"一度使ったメイクや、作った顔を保存できる機能が欲しいです！
いつも楽しませてもらってます👍"
2022-07-17 06:07:22,5,0,0,マジで暇つぶしになるし楽しい！,ゼペットはいつも優しい方々がいてフォローしてくれる方もいますし、リア友ともフレンド（？）になれるし最高です！後、自分のアバターを作ることが出来るので楽しいです！まだ、ゼペットをやってない方もやってみて下さい！Riuna( ♡´꒳`*)((りうな))より
2022-07-17 01:28:18,4,0,0,直して欲しいです,"バグ？かなんかでアイコンが写真に変更できないのが(T ^ T)です。前までできたんですけどね。(僕だけかな？)
　他はかなり楽しい！"
2022-07-16 21:55:55,3,0,0,アプデに伴う情報開示,"クリエイターギフト出来るようになって
ほしい物リストが丸見えになりました。
以前フォローリストが丸見えになった時も
思ったのですが、
今後個人的な情報は開示しないでほしいです。
お願いします。"
2022-07-16 19:43:54,3,1,0,いい所と悪いところが…,"運営様方
最近私はゼペットを始めましたが、結構満足しています❕
私的には、全体的にいいなって思ってましたが遊べば遊ぶほど大変なところ 困るところが多くなります…
今から『いい所』『悪い所』を言っていきます❕
運営様方悪い所を少し改善して欲しいので見てってください❕🙇‍♀️""

~いい所~
1.自分好みに顔 髪型 洋服が変えられる。
顔のパーツなどが揃っていてその後にも自分で調整できるのがいいポイントです❕

2.コインが意外に溜まる。
ゼムは全くと言うほど貯まらないが、コインは意外溜まります❕( °_° )

3.ワールドが作れる 入れる。
作るのは勿論楽しいけれど、他の人のワールドに入って遊んだりするのがすごく楽しい❕o(^o^)o 

4.毎日プレーしてればプレゼントのような物が貰える。
勿論、宝箱からチャレンジをクリアしてコインやゼムを貰えるが、毎日プレーしてれば勝手に貯まる❕

他にもいい所があるので、是非ダウンロードしてプレーして欲しいと思っています❕🙇🏻‍♀️""

~悪い所~
1.ゼムが全く貯まらない。
チャレンジをクリアしたら1ゼムだけ貰えたが、他の方法だと課金の方法しかゼムを貯められない。
もっと簡単に貯められたらいいなって思ってます❕

2.コインで買えるものとゼムで買えるもので分けて欲しい。
コインしか持ってない人にとってゼムがあるとコインの物が見つかりにくいので分けられんだったら分けて欲しいです…❕

3.勝手に落ちてしまう。
ワールドに入ってる時や洋服を変えている時に勝手に落ちます。
できるだけ改善して欲しいです…

4.メールのようなのでやり取りができるが、暴言 過激な言葉 下ネタ など変な事を言ってくる人が多いです。
もう少し警戒して欲しいです…

私が思っている点はこんな感じです❕
参考にしてくださると嬉しいです❕
引き続き運営様方よろしくお願いします❕✨
改善出来るところは改善願います❕🙇🏻‍♀️💦"
2022-07-16 14:23:11,5,1,0,たのしい,依存しました。🥺
2022-07-16 10:15:43,5,0,0,自分に似てる？,アバターの着せ替え大好き❤普段着る事のないような服を着させて楽しんでいます。
2022-07-16 03:55:53,4,0,0,楽しいですが…,"タイトルの通り楽しいですが…年齢制限を守れていない 小学生 がとても多いと思います😔
たまに 小学生 から 暴言 を吐かれたりされて、とても不快に思います。もう通報はさせて頂きましたが、そのような人が ゼペット をまだしている と考えると とても不快な気持ちになります。年齢を嘘つけば何歳からでもゼペットを遊ぶ事が出来てしまうので少しそこが残念です。

そして、クリエイターギフトが出来るようにして下さり本当にありがとうございます🙇🏻‍♀️💖
ゼペットの楽しさが増したように思いました！

ですが、最近 投稿 DM でのクレクレが多いかなと思います。投稿ではたまに見かけるのでほっといて終わり…で大丈夫なんですが、DMでやられてしまうと本当に不快な気持ちになりますし、もし断ったら 晒し 暴言 を吐かれたりされてる方がちょくちょく見かけます。
私もありましたが、本当に良くない気持ちでした。

そして、直して欲しい所は、公式ワールドの名前？が付けれるところに「いじめ学園」など「いじめごっこ」「いじめします」など人が見ただけで不快に思うようなワールドが多いかな？と思いました。
なので、「いじめ」という言葉をあんまり使えなくして欲しい？とは思います…

以上です。
本当にいつも運営さんお疲れ様です。
これからもよろしくお願いします🙇🏻‍♀️"
2022-07-16 03:04:55,4,1,0,よろしくお願いします🙇🏻‍♀️,"運営様。いつもお疲れ様です😌
私はZEPETOを長く利用させていただいています。その中で「いい点・悪い点【改善点】」があるので私ごとですが言わせていただきます🎶

⚪︎悪い点
1.ワールドが重いことです🥲
『ジャンプマスター』で遊んでいる時に良く落ちます😵💦
これはインターネットの関係でもあるかも知れませんが、とにかく良く落ちます💦

2. 〔18禁〕〔死にたい〕などがとにかく多い。
〔18禁〕ZEPETOは出会い系アプリではないです🥲何度ブロックしても捨て垢などでDMに凸られます...それは本当に迷惑です🥲
〔死にたい〕そのようなCrewは運営様側も
作らせるべきではないと思います。
励まそうとしても1つ言葉を間違えれば「亡くなってしまうのではないか、」と心配する人がいます🥲その方達の方が精神的に私は心配です。

3. 詐欺師が多い。
「この人絶対詐欺だろw」など決定的な証拠がある場合.垢BAN・利用停止　など処置を取るか詐欺された証拠がある方にはその分の「them・coin」返金するべきだと思います。

4.DMについて
既読が付くようになったのは凄いいいと思います🫶🏻ですが送信消去は悲しいです🥲

5.裏技を宣伝
このような事など見かけたら運営側から警告するべきだと思います。
裏技などないのですから。
【運営様からサポートで聞きました。】

⚪︎いい点
1. 無課金でも遊べる
無課金の方も頑張ってcoinを貯めたら充分遊べます🎶
前などは「them」などはゲットしにくかったですが、最近は　ジャンプマスター　で気軽にゲット出来ます🫶🏻

2.クリエイターギフトが来た
これは本当に最高だと思います🗣🫧
凄く皆さんに配布してくれる方や、配布される方も喜んでいます😆
そして返品…？なども受け取らずできるので嬉しいです🙌🏻

3.新作がよく出る
これは本当に嬉しいです🤦🏻‍♀️
服の種類でコーデが選べるので好きな好みの服が選べて凄く嬉しいです😆💕

4.お顔・体が良く変えれる
お顔に合わせて変えれるのがいいですし、
自分の好みに出来るのでいいと思います✊🏻

悪い点も改善されたらいいですし、
いい点はそのままでキープしていただきたいです👉🏻👈🏻💕
私もこれからZEPETOを利用したいです🫶🏻
長々すみませんでした🙇🏻‍♀️
これを見て他の方がZEPETOを利用したら私的にも嬉しいです😆
運営様これからもよろしくお願いします🙇🏻‍♀️"
2022-07-16 02:40:51,4,0,0,お気に入り！,"クリエイター投げられるようになって良かったです！
でも、以前買った物で要らなくなったものを処分して
コインやゼムが戻れるようになったらいいなと思ってます
すごく欲ですが,,,次のアプデで追加してくれたら最高です。"
2022-07-16 01:50:27,3,0,0,them,"themを貯めるアンケートがあるのですが、そのアンケートが出来ません。
やろうとしても、こちらは表示出来ません、と
、出てきます。どうにかして欲しいです。"
2022-07-16 01:38:24,5,0,0,最高,可愛いし、無料！入れなきゃ損
2022-07-15 16:35:05,3,0,0,アクション機能が出来なくなった、、,"私がゼペットをいつも通りにやっていると、最近使っていなかった、アクション機能を使おうとカメラを開いて、アクションに設定すると
『あ！顔認証が出来ないよ！明るい所で試してね』となり、明るい所でやっても、ずっと顔が動かなく、とても、困っています、💦
普通にアクション機能は開くのですが、顔の形(？)が動かなく動画を作ろうと、思っても、作れません、何か対処法はございませんか、、？
知っている方がいらっしゃったら教えてください！"
2022-07-15 12:23:00,3,0,0,楽しいけど,たまにワールドに入れなくなる
2022-07-15 08:56:29,1,0,0,追加して欲しい機能を言います。,まずDMの取り消し機能が欲しいです。誤って送ってしまったのを消したいです。あとクレクレルームなどを作らせないようにしてください。毎度毎度注意が大変です。そして何より暴言や詐欺などがあります。それを気づいて欲しいです。
2022-07-15 04:17:37,5,0,0,アップデートができません。,アップデートができません。
2022-07-15 03:37:42,5,0,0,サイコーな神ゲー,"いいところ

服が可愛い❤️    楽しい　スクラッチがある　YouTu baもいる　いろんなしゅるいのゲームがある

悪いところ

スクラッチが当たらない　ゼェムがゲットできない　コインがすぐになくなる　服が高い　　

お願い

アプリをゲットしたら「うさねこ」て言う人をフォローしてくださいお願いします。ぜひ楽しいから試しにやってみてください。❤️🧡💛💚💙💜💗💕😉🎀"
2022-07-15 01:35:40,5,0,0,バグかな❔,こんにちは❕ZEPETOでベロが出せなかったり、ほっぺを膨らませられません。どうすればいいでしょうか❔❔
2022-07-15 00:35:40,5,0,0,zepetto,"zepettoを2.3年やらしてもらってます🙇🏻‍♀️💦
あの、zepettoの中のテンプレートを作りたいのですが作り方を教えてくれると嬉しいです！では、いい点と悪い点をお答えします

いい点
○楽しい                   
○分かりやすい
○自分が好きな顔を作れる○面白い
○無課金でもthemが貯めれるワールドがあって頑張ればthemが貰える
○誹謗中傷や人の心を傷つける言葉には、通報が出来る

悪い点
○課金したあとにジャンプマスターに行くと確率が下がりthemが貰えない
○テンプレートの使い方が分からない

以上です。これからも愛用させてもらいます🙇🏻‍♀️"
2022-07-15 00:25:33,5,0,0,とても面白いですが,"こんにちは！3年前からゼペットを利用させてもらっています！とても楽しくて可愛い服やクリエイターズなどあってとても楽しいですが、悪い点をまとめさせていただきます。

悪い点

①ワールドなどに行くとラグい↓
・これに関しては仕方ないかもしれませんが、途中でエラーになったりあとちょっとでアスレゴール！ってときに落ちたりするとすごく不快になるのでそこの点をなんとかしてほしいです

②SEだとヌルヌル顔が動かせない
・SEを使わせてもらっているのですが、最新アップデートに対応されていなかったり、できる幅が少ないです…😥ここの修正をお願いします🙏🏻

③DMなどの伏せ文字が多い！
ワールドだと絵文字が使えない
・まずDMの伏せ文字について話します。
普通に話しているときに、（教#て！）みたいになって、相手を混乱させてしまいます（泣）
流石に厳しすぎなのかな？と思います

・絵文字が使えないことについて
これはほんとに不便で、使えるのは顔文字や、(笑)など、（泣）などしか使えないので、自分の感情をうまく伝えられなくて、塩対応や元気すぎたり、印象が変わってしまいます☹ここの対応お願いします。

これで終わりです！次はいいところについて話していきます！

いいところについて↓

①クリエイターズの服や髪型が可愛い！
・この点についてはとても感謝です！可愛い服などが増えて、オシャレというのがゼペットに追加されている気がします！

②クリエイターズギフトができる
・このアップデートは本当に神です！SEでもできるからほんと嬉しい！前はずっと導入されないと思っていたクリエイターズギフト、まさか導入されるなんて思っていませんでした！運営さんに感謝してます！

もっと良い点はありますが、長文になってしまうのでここらへんで閉じようと思います！採用願います🙏🏻🙏🏻"
2022-07-14 14:48:27,4,0,0,アップデート,カメラのとき、アバターをアップに出来ません。😭アバターを動かしたりしたいのですがとてもやりにくいです……
2022-07-14 05:30:44,4,0,0,大好きなゲームです！,"タイトルにある通りZEPETOが大好きです！復帰勢ですが何年か前に初めています。なので復帰時進化に驚きました。！
ですが最近気になることができました。
最近フォトブースでポーズを選び編集画面へ進むと、以前まで自分のアバターを動かせていたポーズも動かせなくなってしまったんです。スタンプも同様置いても動かせなく真ん中に放置されてしまいます。
私のiPadの問題かな？とも思いましたが。他は問題なく動かせます。アップデートでそのような仕様に変わったのでしょうか？
それか不具合なのでしょうか?
それと私情なのですが。私はクリエイター様のアイテムを使わせていただいてるため身長が高いんですが。その時複数人のポーズを選ぶと。隣の人と身長が合わなくて私だけ見切れてしまうことが多々あります。一人一人のアバターを動かす機能も追加していただきたいです。是非上の件も合わせてご検討をよろしくお願いします。"
2022-07-14 05:14:10,4,0,0,毎日楽しくゲームさせてもらってます！,"友達から誘われたのがきっかけになり、
ゲームを始めました。
今は少し課金をして
ほとんど毎日、ゲームをプレイしています。

ワールドもクオリティが高いものが多いため
よくワールドにも行って楽しませて頂いています。
公式ワールドはクエストなどもあり、
すごく楽しいです。

そしてなによりアイテムの種類がとても多く、
服装などを選ぶのがとっても楽しいです。

ただ1つ改善して欲しいと思うことがあります。
それは、欲しいものリストについてです。

欲しいものリストは登録しておくと
フレンドさんなども見れるのでたくさんの方が
プレゼントをしてくれるのですごくいい機能だなと思いました。

ですが、私は誰かに送って欲しいから、ではなく自分が後で買いたいから忘れないようにハートを付けています。
なのでいろいろとハートをつけているのですが、
これを誰かから見られるかも知れないと思うと、
いつもハートを付けるのを躊躇してしまいます。

そこでなのですが、
欲しいものリストを他の人に表示できたり、
非表示できたりする機能みたいなのが欲しいなと思います！
アイテム数が多いからこそこのような機能があったら
使いやすいなと思いました！

検討だけでもして頂けたら大変嬉しいです、、"
2022-07-14 05:09:04,5,0,0,えっとね……,外国ではアンケートできないんでしょうか？何回もすみません
2022-07-14 01:15:33,5,0,0,わっちは楽しいよ!,わっちは友達におすすめされてやったけど！ゼペが色んなことできてすごいと思うよ! 色んな人がいて楽しいから☆5にしたよ!最後にわっちは、小学生だよ!以上!
2022-07-14 00:19:57,1,0,0,I GOT HACKED! SOS,"Dear developers: I got hacked pls help me!!!!!!!!!!!!!!!!!! My user code is : @maddisongrey and someone hacked into my account, changing my gmail and password so I can’t even make temporary password pls respond and help me! All my work is gone! IM LITERALLY CRYINGGGG"
2022-07-13 22:43:28,5,0,0,ZEPETO最高！！,ZEPETOのゲームはいいところがありまくりだと私は思います！ 可愛いコーデ、自由に変えれる顔、色んなワールド、課金システム メッセージ、このように沢山出来ることがあるので大好きです！
2022-07-13 05:16:31,1,0,0,やらない方がまし,アンケート答えても失格になってzemもらえませんよ
2022-07-13 03:14:18,1,0,0,ひらかなくなった,開かないとこまるよぉ
2022-07-13 03:00:28,5,0,0,🥹,いつも使わせてもらってます。最高です！とても楽しく遊ばせていただいてるんですけど、アップデートした後にカメラを使う時にアバターを動かせなくなってしまいました。私だけかもしれないんですけど良ければ治していただきたいです。
2022-07-13 02:51:24,3,0,0,落ちる,"ジャンプマスター行くとすぐ落ちる時ある、
絶対改善お願いします"
2022-07-13 02:08:24,5,0,0,はにゃって感じではにゃにゃーん,"iPad勢ですどうも！！！！
あのなんて言うんだろカメラ？でアバターの顔を動かすやつ？が定位置からうごかせないんですよね！！！！！！
どーしたらいーのー！？！？！？！？
アプリ自体はすごく楽しいです！！！！！！満足してます！！！！！"
2022-07-13 02:06:56,3,0,0,ワールド入れない,"iPhone 11でストレージも全体の4分の1しか
ありません。

しかし、ワールドに入ろうとすると「ダウンロードに失敗」と出てきしまい、ワールドに入ることができません。

アップデートもしてあり、再起動もしたのですが、全く入れません。

どうすれば良いですか？"
2022-07-13 01:57:36,4,0,0,Cannot join world,Hey zepeto! i’m happy about the updates:))!! But i cant seem to join worlds🤔 my storage is completely fine and I installed and uninstalled it.. but nothing works🤷‍♀️ hope you can fix it!
2022-07-13 00:16:26,1,0,0,バグかよ、、,一言で言う。バグ多いし重い。以上
2022-07-12 23:34:52,1,0,0,アカウント復活させたい,アカウントが作れなくなってしまいました
2022-07-12 23:12:53,5,1,0,楽しい,"毎日遊んでます。𝘼𝙣𝙙𝙧𝙤𝙞𝙙だとゼムがすぐ溜まるようなのですがiPhoneだとなかなかたまらずそこは同じにして頂きたいです。最新のアップデートもクリエイターの服がギフトできるようになっていてとても良かったのですが、これはiPhoneだけのようでなぜこんな差が出てきてしまうのかなと思います。
アプリはものすごく楽しいです。ご検討よろしくお願いします。"
2022-07-12 16:49:18,1,0,0,レビュー見てます？,レビューちゃんと見てください。返信が来てないです。返信を見ないのであればずっと評価を1にさせていただきます。ちゃんと見てください。私は、キャラ固定をやめて欲しいです。
2022-07-12 15:11:36,4,0,0,できなくなった,なんかできなくなったなんか容量は少ないのに入ろうとしたら、ホームにもどるどうしたらいい？
2022-07-12 09:28:11,1,0,0,インストールできない,使用中に突然読み込めなくなった為、アンインストールしホーム画面から削除しましま。そして再度インストールしようと思ったのですが、アプリの読み込みにならず【開く】が表示され、タップしてもすぐ落ちてしまいます。利用してたのにアプリにすら入れません。対処してください。
2022-07-12 04:34:15,1,0,0,たすけてください(TT),いま友達にアプデでクリエイターギフトができると聞いて喜んで10日ぶりにログインしアプデしたところ急に開けなくなってしまいました😭。私はiPadでアプリを使っています……。理由もわからず開くとすぐ落ちてしまいます。iPadの再起動をしてみたもののつかず……容量の空きもあります。せっかく何年も頑張って来たので助けてください(;´༎ຶٹ༎ຶ`)
2022-07-12 03:42:16,5,0,0,アンケートについて,ジャンプマスターすぐ落ちるんですけどなんでですか
2022-07-12 03:16:37,3,0,0,クリエイターアップデートについて,アップデートをしたらクリエイターの物は送れるんですけどフォトブースとかでアップデートをしてから急に画面が大きくなりすぎて音源入れて閉じるボタンを押そうとしていても画面が大きくて閉じるボタン押せず音源入れられないまま動画が作れない状態になりました🙇‍♀️これどうにかしてもらえないですか？😢
2022-07-12 03:03:04,5,0,0,あれれ．．．,"いつも楽しく遊ばせてもらっています！
アップデートしたらカメラのアクション機能がドアップ出来なくなりました😭
何かの不具合でしょうか？🥲"
2022-07-12 02:56:31,4,0,0,バクを直してください！！,"ジャンプマスターをしてゴールまで行って次のジャンプマスターに行く時、ZEPETOがブチっていって勝手に切られるんですよ！！
ほんのちょっとなバクなんですけど出来れば直してください！"
2022-07-12 01:37:16,5,0,0,ZEPETEO,楽しい
2022-07-12 01:14:35,4,0,0,crewのコメントでの通報について,"運営様お疲れ様です(*^^*)
クリエイターのアイテムもギフトできるように
なって、crewもゼペット自体も盛り上がって
来ましたね！
そこで、投げ合いなどのcrewが増えて来たの
ですが荒らしが多かったり、
不適切な名前で入って来る人がいて通報する際、
コメントを長押ししても何も反応がなく、
メッセージを通報出来なくて困ってます🥺
アカウント名が不適切な場合はプロフから
通報出来るのですが、crew内の名前や
メッセージが通報できるよう対応お願いします🙇🏻‍♀️"
2022-07-12 00:35:29,3,0,0,落ちるから直せ！,タイトルの通りですけどワールドに行ったらすぐに落ちますのでそこんとこお願いしまーすwほかはいい所ばっかです！なので頑張ってください🔥
2022-07-12 00:26:30,5,1,0,運営様へ,"いつもお疲れ様です。
追加して欲しい機能があります！

それは
要らなくなった服やアクセサリーを
売ることが出来る機能です。
買ってしまって後悔したものがたくさんあってcoinやthemにも困っているので、その機能は欲しいですm(_ _)m

いつもゼペット楽しんでます！
これからも頑張って下さい💪(*^^*)"
2022-07-12 00:25:37,2,0,0,ゼペット開けません😭,ゼペットをアップデートしたのですが、ゼペットを開こうとしても白い画面になって戻ってしまいます。課金もしたのに使えなくなるのは嫌です…運営さん、治して貰えませんか？
2022-07-11 19:42:21,4,1,0,めっちゃ良いけど人をもっと作りたい！,とても楽しいです！個性あるアバターが作れて、世界に一つだけの子ができる気がします！しかし、人を何体か作るのに課金？が必要なのでできれば何体か作れるようにしていただきたいです💦あと、ダイヤを獲得しやすくしてほしいです。やはり課金しないとダメなのでしょうか、🤔
2022-07-11 17:19:40,4,1,0,無課金勢にも優しく。,ゼペットが出た時からプレイさせて貰っている者です。わたしは無課金でゼペットをやらせて頂いてるですが、coinは集めようと思えばパーティーゲーム等で貯めれるのですが、themを集めようと頑張るとジャンプマスターやアンケートになってしまうのですが、アスレチックが苦手なわたしにはジャンプマスターはできないし、アンケートは失格になったりしてとても貯めにくい状況なんです。最近の新作では2桁まで行く物が多く、新作がGETできなくなってしまっています。もう少し、無課金勢にも優しくして頂きたいなと思います。
2022-07-11 16:30:40,3,0,0,エラー治して,"ゼムを獲得するってやつあるじゃないですか？
それがなんか出来なくなっちゃうんですよね。だからそのエラー？とかは直して欲しいです！"
2022-07-11 16:23:20,3,0,0,開けない人が非常に多い,"アプデ内容はものすごくいいと思います。
でもアプデしたらゼペットを開けなくなったという方が多いです。
何回電源を切っても開けないので
アプリになにか異常があるなら修正してほしいです。"
2022-07-11 14:35:17,1,0,0,最悪,暴言厨が多い
2022-07-11 09:34:35,2,0,0,？,久々に開こうとしたら強制終了されるんですがどうしたらいいでしょう？課金してるのでアプリ消したくはないんですが…
2022-07-11 09:01:23,3,1,0,感想,"とてもオンラインで色んな人と遊べて楽しいです！！
最近クリエイターの服がギフトできたりなどとても運営さんに有難いです🙇‍♀️
あとは、themが誰でも無料に貰えるようにしてもらいたいです！！
お願いします！"
2022-07-11 03:47:47,3,0,0,運営様方いつもお疲れ様です,"先月位にチェシャ猫のドレスをギフトしてくださったんです。それでしっかり受け取って着用してみたんですけど、でもさっき見てみたら貰ったギフトの所にもそのドレスはなくてそのドレスをみたら購入ボタン？になってたんですけど一度送ったギフトをギフトの送信？を消す事ってできるんですか？
↑語彙力なくて申し訳ないです"
2022-07-11 02:19:39,4,0,0,良い点とできれば改善して欲しい点,"ゼペットがとても好きな者です。
良い点と改善して欲しい点について話します。
まず良い点
・フォトブースが使える|・服がたくさんある
・新作がたくさんでる    |・クリエイター🙆‍♀️
・動画投稿ができる       |・ワールド🙆‍♀️
・顔が作りやすい          |・コラボが多い
・LIVEに行ける            |・イベントがある

次に改善して欲しい点についてです
ここでは1つだけ少し長文で話します。

ゼペットのthemゲットのチャンスではAndroidはアプリをやるとthemがゲットできますがiPhoneは会員登録などをしないとthemGETのチャンスでは活用することができません。
そこで私の友達もゼペットをやっているのですが、3人AndroidがいてAndroidの子はthemの服をたくさん持ってるのに私(iPhone)は中々themを貯めれません。
そこで差別が生じると思うので本当にできればで良いのですがなるべくiPhoneにもAndroidと同じようにthemゲットのチャンスにアプリがくるようにして欲しいです。
お願いします！"
2022-07-11 02:17:43,3,0,0,ひらけない,ゼペットは楽しいのですが最近開けなくなってしまいました。そこを直して欲しいです。服も可愛いので☆を3にしました
2022-07-11 01:41:16,5,0,0,zepetto,うん。伸び期さったけど楽しい
2022-07-11 01:12:37,3,0,0,バグ直して欲しい,"アイコンや、フォロワーの数などが書いてあるとこの上の大きな四角がなぜか黒いんですけど…
直して欲しいです
頑張って貯めたフォロワーもリムられるし、悲しいです……
改善お願いします(´°̥̥̥̥̥̥̥̥ω°̥̥̥̥̥̥̥̥｀)"
2022-07-11 01:02:53,5,0,0,ギフトについて,アカウント作成から30日経っていなくてもギフトがあげられるようにしてほしいです
2022-07-11 00:38:33,3,0,0,色んなコーデができたり色んな場所に行けるから楽しい,面白いけど容量デカすぎ、どうにかならんのかこれ
2022-07-11 00:27:48,3,0,0,悪口などについてそしてZEPETOの魅力,ZEPETOではとても楽しいけど悪口や被害を受ける場合があります，しかしZEPETO自体はとっても楽しくて，やりがいがあります！たくさんの人と触れ合ったりするのはいい機会です！
2022-07-11 00:16:10,5,0,0,よく分からない。,私普通にゼペットやろうとしてたんですけど、そしたら何かしらLINEで登録してたアカウントが使えなくなっていたんです、それってどういう意味ですか？
2022-07-10 23:38:37,5,0,0,！！,クリエイターの服もギフトできてうれし
2022-07-10 21:45:05,1,0,0,アプデしたら開けなくなった…,こまるー。 なんかバグった感じにはなってたけど、アプデしてないせいだと思ってアプデかけたら、 今度はクラッシュするようになっちゃった インスタのアイコン変えたり投稿したりしたかったんだけど… こんなんならアプデしなきゃよかったわ…
2022-07-10 04:30:29,5,0,0,いいいい,とてもおもしろいけどやりすぎちゅうい
2022-07-10 04:20:40,3,0,0,アバターのカスタム要素について,"キャラメイクがとても好きなので個人的には楽しませてもらってます！
後もうちょっと追加して欲しいな〜と思うのは眉毛に関してで、大きさ変更とでっぱりの変更です。
どうしても3次元に近いような顔にするとなると他のパーツの大きさは小さくなるのでいつも眉毛だけ違和感を感じてしまいます。
どうぞ検討よろしくお願いしますm(_ _)m"
2022-07-10 03:51:56,3,0,0,いつもありがとうございます,とても楽しくプレイさせて頂いています。ですがテンプレートのショートムービーを投稿したい際に強制終了が酷いです。キャッシュ削除など試しましたが良くなりませんでした。
2022-07-10 00:48:13,1,0,0,あなた詐欺師ですか！！！！！？？？？,"動画広告を見てZEMをゲットできるようにしてください😡💢💢💢💢💢💢💢💢💢💢
ZEM溜まりづらいねん。マジで😡"
2022-07-09 23:00:42,1,1,0,悲しい(ﾉД`),"えっと、単刀直入に言いますが
遊べなくなりました、、
使っているスマホ📱が古いので(´・∀・｀)"
2022-07-09 22:36:00,4,0,0,運営さんへのメッセージ💬,"運営さんに言っておきたいことがあります。
あの、ワールドに関することなんですが、最近ワールドに入場することができなくなってしまいました。
なぜかは私もわかりませんが、出来たら何か修理をして欲しいと思います😅
といっても強制ではないので、できる範囲でお願いします🙇‍♀️"
2022-07-09 21:09:42,5,0,1,とっても面白い,"一つのアプリに、沢山の遊びが詰まってる！
インスタみたいでもある！
入れないと損するアプリ"
2022-07-09 20:34:42,4,0,0,キャラが可愛くできて楽しいありがとうございます,弟もハマってマス(*・ω・)ﾏｽ♪
2022-07-09 07:02:38,4,0,0,これしてくれたら課金します😻,"1.いらなくなったアイテムを売ることができる（お金は戻る］

2.アイテム

これらをしてくれれば課金します"
2022-07-09 05:24:52,3,0,0,フォロー機能,リム通機能をつけて欲しいです。よろしくお願いします‪.ᐟ‪.ᐟ
2022-07-09 04:22:37,5,0,0,アイテムが消えた,"良アプリです。とても楽しいしハマります。
しかし貰ったアイテムがいくつか消されていました。
何人もそうなっている人がいるのでバグではないと思います。アイテムを返していただきたいです。
課金をしなくても楽しめるアプリにしてください。
運営さん対応お願いします。"
2022-07-09 03:36:32,4,0,0,いいけど時々え？ってなります …,"【良いと思ったところ】
・とにかく可愛い
・色々な人と繋がれる
【悪いと思ったところ】
・せっかく可愛く設定した顔がロックされているアイテムのロックを解除するための広告を見たら、元の顔に戻ってしまう
・詐欺が多い
・アイテムが高すぎる
・バグが多すぎる
・不適切なワールド・crewが多い
【改善したら良いと思うこと】
・クリエイターアイテム？もプレゼントできるようにして欲しい
・コインやゼムを交換できるようにして欲しい
・月に1回ゼムのアイテムがコインで買えるセールのようなものが欲しい(出来れば)"
2022-07-09 02:45:16,1,0,0,重い,ゼペットを愛用させて頂いているものです。 楽しくプレイさせて貰ってますが、ジャンプマスターというマップに入ろうとするとすぐ落ちます。５、6回出入りしてやっと入れるくらいです。容量はあります。急に落ちるようになったのでバグかもしれませんが改善お願いします🙇‍♀️
2022-07-09 00:51:28,4,0,0,ゼペットの追加されて欲しいこと,フォロー外された時に、フォローを外さした人が、分かるようにして欲しいです。毎日遊ばさせて頂いてます！楽しいです！
2022-07-08 08:42:31,1,0,0,アップデート,アップデートしたらアプリが使えなくなりました。
2022-07-08 07:01:52,1,0,0,うーん,"操作ができない
ふくやアイテムが高すぎる
パソコンを持ってないとあまり楽しくない"
2022-07-08 04:59:18,1,0,0,ゼペットのやり方が分からない！,"やり方がわかりません
教えてください！"
2022-07-08 04:33:11,5,0,0,追加して欲しい機能,"1日3them貰える
全員登録を無くして欲しい
アバター2体目まで無料
アンケートをいつでもやれる
ログインをサインインだけにして欲しい"
2022-07-08 02:46:02,4,0,0,最高に楽しい！ (もっと機能追加をして欲しい),"いつも楽しく遊ばせて頂いてます！
改善点としてはバグくらいで昔よりかなり遊びやすくなりました！
でも追加して欲しい機能が少しあります
ほくろの位置を自由に自分の好きなところに付けれたり眉毛の細さなどを自分で自由にできたりなど他のゲームで出来るような機能を追加できるとかなり快適に遊べると思います！
もし、可能でしたら是非追加して欲しいですm(*_ _)m"
2022-07-07 07:06:38,1,0,0,あ,"所有アイテム消えてるんだけど
返金してね"
2022-07-07 05:32:20,3,1,0,テンプレート重いすぐ落ちる,"せっかくステキなテンプレートなのにすぐ落ちる
改善願う"
2022-07-07 00:47:48,5,0,0,ゼペット,色々出来てとても楽しい😝
2022-07-06 15:30:37,5,0,0,いつも楽しませてもらってます！,"いつも素敵なサービスありがとうございます。
楽しませて貰ってるんですが、2つ改善して欲しい部分、治して貰えたら、もっと楽しめるかなって個人的に思ったので、ご提案です;;;
①ワールド中の魚化現象を直して欲しい。
魚化現象と言っても、楽しませてもらっている私たちが付けた名前ですが、いわゆるバグです。
自分自身のアバターや、他人のアバターの顔が、魚みたいになるバグです。身長をほとんどの人が変えてるため、元の身長に戻ってしまい、顔もそれに合わせた顔になってしまうバグを直して欲しいです。
バグってしまい、1回1回抜けるのがとてもめんどくさいですし、結構困ってる方がいるので、改善して欲しいです。
②個人的な欲求になってしまうんですが、服のお着替えをしたい時に、myのページだけ、細かく分かれてなくて、探すのが結構大変なのと、入手順になっているため、上下でセットで買ったものとかをバラバラに買うと、どこにあるのか見失ってしまうんです。
なので、myのところでも、もう少し細かく分けるなり、アイテムの場所を自由に入れ替えできるようにして欲しいです。
整理されていた方が個人的に見やすいし、探しやすいので、お願いします🙇‍♀️"
2022-07-06 05:10:56,4,0,0,(^^),"アプリ自体はとても可愛い服とか多くていいけどzemでしか買えないものが多すぎる！！！
あと、骨格とか選べたらもっと楽しそう(^^)"
2022-07-06 00:33:58,1,1,0,アンケート,アンケートが出来なくなるのほんとに、正直に言うと鬱陶しいです、直してください。
2022-07-05 23:45:21,5,0,0,them,themを無くして欲しいです。お願いしますじゃ無いと課金したくても出来ない方達が可哀想です。後私に公式マークを付けて欲しいです◝(⑅•ᴗ•⑅)◜お願いしますウザくてすいませんでした。
2022-07-05 18:57:08,4,0,0,初心者ですが！とても楽しいアプリです！,"初心者ですがレビュー失礼致します🙇‍♂️

一言で言いますと‼️
「最高」
です‼️
他のプレイヤー等皆さん交流的で、
オンラインゲーム＝治安が悪い
等イメージ着いていて、最初は不安でした😱💦
ですが‼️皆さん絡みも多く3日でも
「楽しい‼️」と思う程です👍

っと感想はここまでにして！改善して欲しい点などをあげていきます🙇‍♂️

今困惑しているのは

「iPhoneと他のスマホ会社との違い」
です‼️
iPhoneでは…
「動画を見るだけでzem1個貰える」
機能が使え無いことです…🫢
無課金何で少しでも欲しいなと思いやってみましたが…
広告が表示されず……

iPhoneに対応していないのは、何か事情があるのは承知の上なんですが、どうにかならないでしょうか❓

2個目に入ります‼️

「広告を視聴することで貰える機能を増加して欲しい」
です‼️

スクラッチ等の他に、
・じゃんけん
（選択制にじゃんけんにし正に運ゲーにする）
・クイズ式
（イベントで誰が優勝したか🏆等アプリ内に関係するクイズ）

でもいいと思います‼️

以上で！私共のしょげないレビューでした‼️

でも人間は完璧では無い。
つまりアプリにも完璧は無いので、
ゆっくり待っておきます🥰"
2022-07-05 03:57:57,4,0,0,うん、,面白いよ？すごい楽しい。うん。 だけど悪い点が多いかな、、、 悪い点 ① 服、髪型が高い(値段) ② フォロワーを気にしてしまう とかかなー 結構少ないなw とりあえずこんな感じです。 オススメっちゃオススメです！ 楽しいですよ！
2022-07-05 03:53:50,1,0,0,アプリに入れない！,アプデしてから、アプリにすら入れなくなりました…早急な改善を求めます！
2022-07-05 03:10:12,5,0,0,ZEPETO！,とても、楽しくて可愛くてカッコいです！めちゃくちゃ楽しいよ！
2022-07-05 01:02:42,2,0,0,…,"アバとか普通に可愛いんだけど、

動物を救うやつ、ジャンプ低いし、死んだ時のポーズイラつくし、すぐ変な方向行くし、当たってないのに死んだ判定になるのが凄いイラつく。"
2022-07-05 00:55:55,4,0,0,楽しいです！,運営様いつもお疲れ様ですっ.ᐟ.ᐟ⸜🙌🏻⸝‍かれこれ半年くらい使わせて頂いてます！結構楽しませてもらってます！
2022-07-05 00:26:14,5,0,0,うほって感じで楽しい,"ご無沙汰してます✨
いつも楽しくプレイさせて
いただいてます(´ω`)"
2022-07-04 23:53:11,5,0,0,おすすめですね,"ぜぺっとを始めてようやく1ヶ月が経とうとしています
今のところでの感想をかかせていただきますね😊　良いところ　悪いところ　に分けて書いていこうと思います

💕良いところ💕

年齢層が広く様々な出会いがある
沢山の可愛いカッコいいアイテムがある
コラボがあって楽しい
ワールドが沢山あり楽しい
フォロー中などでお気に入り登録ができる

などです

👏🏻悪いところ👏🏻

🌱ゼムの獲得率がものすごく低い
（無課金勢にはキツイです
🌱クリエイターのアイテムをギフトできない
（可愛い髪型や洋服のほとんどがクリエイター物で、ギフできない　してもらうことができない　のは結構辛いです
🌱コラボ物が高い
（今はマイメロとのコラボ中なのですがほとんどゼムなので無課金勢からしたら欲しくても買うことが出来ず辛いです
ラッキーボックスが滅多にない
（ずっと同じ物でもう全てをクリアしている方が多いので期限が長すぎる気がします
クルーなどで　死にたい、ｴﾁなことしませんか
などの投稿が多すぎる
（見ていて不快になります　LINEのTLと同じように規制をかけた方がいいと思います

などがあります

ぜぺっとはとても楽しいし様々な出会いがあり面白いですがこのような使いずらい部分もあるので改善してほしいです❕
無課金勢さんにはキツイかもですが
私も頑張ってゼムを貯めてクリエイター物を何個か買えたので❕決して無課金では何もできないとは言ってないです❕
さあ❕貴方も是非ぜぺっとで新しいもう1人の自分に出逢いませんか❔"
2022-07-04 22:47:43,5,0,0,これから始める方へ,"今回はいい点とわいる点をご紹介します。
いい点は
無課金でも買える服が多いい
通報の対応が早い
自分的にはこのくらいです。

悪い点
年齢制限を守らない人が多い
DM削除機能が欲しい"
2022-07-04 06:37:01,4,0,0,いつもありがとうございます,"いつも楽しく使わせてもらってます。
ひとつ提案なんですが、ダークモード作っていただけますでしょうか？ホーム画面が真っ白だと目が痛くてしょうがないんです…"
2022-07-03 19:42:16,1,0,1,ワールドから出るとすぐにタップが効かなくなり、毎回アプリを消さないと動かない。,めんどくさいしあまり面白くもない
2022-07-03 05:31:08,4,0,0,ええアプリやけど,"⭐︎良い所⭐︎ ・服大量(可愛い) ・テックトッ○など交流できるものがある 　(注意もいる) ・色々な機能，ゲームがある ・自由自在に顔が変えれる(自分好みにできる) 
△悪い所△ ・🔞目的の人がいる。(特にcrew) ・もっと見るなどがバグって、開いても画面が真っ白になる。
 ♡感想♡ 神アプリだけど，悪い点を直せばもっと良くなると思うよ！ 【한국어】 
⭐︎ 좋은 곳⭐︎ ・옷 대량(귀엽다) 테크토○ 등 교류할 수 있는 것이 있다 (주의도 있다) · 다양한 기능, 게임이 있다 ・자유자재로 얼굴을 바꿀 수 있다(자신 취향으로 할 수 있다) 
 △ 나쁜 곳 △ ・🔞 목적의 사람이 있다. ( 특히 crew) 더 보기 등이 버그라서 열어도 화면이 새하얗게 된다. 
 ♡감상♡ 신 어플인데, 나쁜 점을 고치면 더 좋아질 거야!"
2022-07-02 23:39:17,3,0,0,クエストについて,クエスト➡️クルーチェック➡️毎回　固まる(ホーム他に戻らなくなる) ハッシュタグもクリックできない日がある
2022-07-02 23:37:19,5,0,0,運営さんありがとう,"約2年前くらいに親友から誘われました。私の中ではアバターを作るのが大好きだったのですぐハマりました｡今ではZEPETOと言うアプリを教えてくれた親友にとても感謝してます~！！
ZEPETOは、毎日暇つぶしにしています｡ZEPETOをしている子達は凄い優しくて暖かいです。今ではLIVEはをできるシステムが来ましたね✨そのおかげで、知ることが出来なかった方達を知れました。本当にありがとうございます🙇‍♀️
追加してほしいシステムがあります💦
クリエイターさんのアイテムをギフトできるようにしたいんです😖
これは皆さんも言っていると思いますでも、私的にとても欲しいシステムです😢
運営さんへ
これからも私たちを見守っていてください😁
いつもありがとう🌷"
2022-07-02 22:36:45,5,0,0,バグで漫画が作れない🥺,漫画の事について、お話します。(・・・)←見たいなの押して、「漫画」っていうの出てくるじゃないですか。でも、私、「漫画」っていうの無くて、🥺画面が真っ白になるんです🥺他のゼペッターもなってるみたいで、🥺です。どうか、直して欲しいです🙇‍♂️
2022-07-02 19:21:56,4,0,0,いいと思います,"crewで自分が送信した言葉が表示されないのですがなぜですか？
それ以外はめちゃくちゃいいです！"
2022-07-02 16:08:05,5,0,0,ゼペット,すごく楽しいですよ！
2022-07-02 06:11:51,1,0,0,重い,いつも途中で落ちる。
2022-07-02 04:15:26,5,0,0,落ちる！！,アプデしたら、ホーム画面も行かずに落ちてしまいます…。直してください！！
2022-07-02 02:55:09,2,0,0,アンチの対処が甘い気がする,アンチの対処が甘い！部外者ですみません。最近アンチなどのせいでゼペッターが減ってる気がします。そのなかそのアンチはのうのうとZEPETOをしていてZEPETOの人達が減っていくんだと思います。リアルで病む方もいるかもしれません。なのでもう少し出来るだけアンチの対処を厳しくしてほしいです。
2022-07-02 02:42:22,4,0,0,ゆあゆの！,ゆあ！
2022-07-02 00:17:45,4,0,0,改善点,"改善してほしい所 
・投稿できる時間をもう少し増やしてほしい
・顔保存
・"
2022-07-01 23:34:19,5,0,0,すてき！,"好きな服を着てアバを可愛くしてワールドに行くのが楽しくてほとんど毎日遊んでます！
ですが間違えて買ってしまったもう着なくなってしまって使わないものが多いので
ぜひ返品機能が欲しいです…"
2022-07-01 19:53:34,5,0,0,ぜひダウンロードを！,このゲームはふくなどにリトルマ〜メイドなどいろいろなふくがありとてもたのしいです ほかにもいろいろなまっぷがありアスレチックの他にも色々なゲームがありとてもたのしいです ぜひみなさんダウンロードしてください❗️❗️❗️
2022-07-01 17:47:35,2,0,0,お金が高い💦,お金が高すぎ💸💸💸💸💸💸💸💸
2022-07-01 07:23:31,5,0,0,グループ誘いがやばい,"moondvd
このIDの方が、何十人も人を誘い
迷惑グループを作っています。
名前をパクリ、その人に罪を押し付けようとしているので、通報お願いします🙇‍♀️"
2022-07-01 05:15:41,5,0,0,アンケート,私はぜペットでアンケートをして11ゼムは当たったはずなのに貰えませんでした。ぜペットは最低です
2022-07-01 04:13:58,2,0,0,ゼムを貯めるのに疲れてしまう,"アンケートで獲得できますが、いきすぎた個人情報の質問が多い気がします。住所や職種を詳しく聞き出すなど他にも不快に感じるものが沢山あり、アンケート一つ一つが長く条件が合わない場合一つももらえない時があります。
1日のミッションをクリアすれば貰えるというのを必ず毎日いれたり、ミッションのゼムの獲得数を増やすなど改善方法の一つとしてご検討してくださればきっともっと楽しくゲームできると思います。
アンケートの方は、内容を改め、かかる時間を短くしたりしていただければやりづらいという気持ちがなくなるのではと思います。"
2022-07-01 01:46:52,1,1,0,悪質なメッセージ,"ゼペットをやって半年になるのですが、課金したという投稿をした次の日に「ギフトの投げ合いしませんか？」と何人ものメッセージが来て、ギフトをあげたとたんにブロックされました😭(メッセージきたほとんどの人)それで85them失うことになりました… 
他にも「体見せて」などのメッセージや、このメッセージを回さないと呪われる と言うナゾのものも来たりします。 全然なおそうとしてない運営さんにうんざりです。なのでゼペット辞めようと思ってます(*^^*)"
2022-06-30 15:14:32,5,0,0,楽しい！！！,"zepettoはアバターを作って遊ぶアバターゲームです！
zepettoでは自分のアバを可愛くしてワールドなどへ行くことで仲間との交流を得ます。そこでは色んな人と話したり遊ぶことができ、そこで関係が生まれることもあります！
DMなどで会話を楽しんだりギフトを送ったりすることができるのもワクワクしたりするひとつです
｢皆さんにもやって欲しい｣それだけです！"
2022-06-30 14:40:40,5,0,0,とてもいい！,"友達が、面白い(≧∇≦)よ！って、言ってて、早速いれてみると！
たくさんのゲーム！フレンドと、トーク出来たり！着せ替えの服や、靴色々なものが、安くて！もうとっても嬉しい(*^^*)(*^^*)
要らない動画も、あまり出てこないし！とてもいいアプリです！
入れてない人は、是非入れてみてください✨"
2022-06-30 04:34:30,3,0,0,前は楽しかった,"半年ぶりくらいにやったらめちゃくちゃつまんなくなってた
運営のせいじゃないと思うけど、みーんな恋愛恋愛恋愛ばっかで普通に話せる人いない
人口も少なくなった
年齢規制した方がいいと思います"
2022-06-30 01:31:17,5,0,0,顔保存が欲しい！,"顔保存が欲しいです！
理由
1 顔保存で、たくさんの顔が保存できて、その洋服にあった顔になれる！から"
2022-06-28 21:13:42,1,0,0,なんか違う,"オープンワールドだと思ってたら違った。
Amebaピグとなんか違うの？"
2022-06-28 17:04:32,4,0,0,アンケートで貰えるthemのアンケートが出ません,ゲーム自体はとっっっってもいいので毎日のようにログインしているのですが、1番悲しいのはゼムが貯めれないことです🥹🥹🥹アンケートで貰えるゼムがあると思うのですが私にはそのアンケートが出ません😔😔なので課金したり、たまに出るクエストのthemしか貰えないのです、、、🥹直して欲しいです😭😭😭
2022-06-28 07:32:00,4,0,0,下記の機能追加して欲しいです。,"要らないものを売れるようにして欲しいです。
楽しいのですがそこが難点です…"
2022-06-28 05:00:49,5,0,0,アカウント,あののアカウトをログインしたくてチンパンカズオっていうアカウントありますか？復旧させたくて
2022-06-28 02:58:44,5,0,0,楽しい,こんにちは皆さんずとやてます
2022-06-28 00:44:31,1,0,0,crew,crew開いてもバグで自分の開いたのが見えません。改善お願いします
2022-06-27 20:22:19,3,0,0,楽しいけど…,"こんにちは！いつもZEPETOで楽しませてもらってる者です！(*´∀`)♪いい所と悪い所を書かせていただきますm(_ _)m
※悪魔でも個人の意見です。

《いい所》
・様々な人と触れ合える。
・coinが貯まりやすい。
・themだけじゃなく、coinでも買える可愛い服がある。
・クエストなどでたまにthemがもらえる。
・ギフト機能がある。
・投稿、いいね、コメントなどができる。

〈悪い所〉
・themが貯まり辛い。
・themゲットのアンケートで個人情報を入力しなければならない。
・🔞目当てが多い。
・不適切なワールドをよく見る。

などです！
これは自分の経験なんですが、
公式イベントに参加時、参加条件をクリアしているのに報酬がなかったりなどのバグ？がありました。参加賞？として条件クリアした方で当選されなかった方でもギフトが貰えると書いてあったのですが、条件クリアして一か月ぐらい経っても参加賞がこなかったりしたのがありました。当選したお知らせなどもなかったので多分バグだと思いますm(_ _)m
様々なバグなど直してもらえると光栄です。
これからもこのアプリをたくさん使っていこうと思ってるのでこれからもよろしくお願いします🤲🥺"
2022-06-27 14:16:22,1,0,0,アプリが開けません,"アプデをしたら アプリがひらけなくなりました。  どうしてでしょうか？
頑張って貯めたコインが無駄になってしまいます。
前にもアプデをしたら開けなくなった時がありました。
どうにか改善の程よろしくお願いします！"
2022-06-27 03:58:21,5,0,0,ZEPETO好き,"私は、友達におすすめされてやりはじめました
最初の頃は好きじゃなかったけどやっていくうちに好きになりました❤️"
2022-06-26 22:57:24,1,1,0,落ちる,"通信環境は良い方ですが人の多いワールドやカメラ撮影の際にとにかくおちます、、
ひとりで遊んでいても落ちる事が多々あり、せっかく楽しいアプリなのにとても残念です。"
2022-06-26 21:17:01,4,0,0,ゼペット楽しい,"ゼペット毎日やらせてもらってます!!
でも全然themがたまらない…
themを簡単にためられるうにして欲しいです"
2022-06-26 07:13:45,1,0,1,消えろ,"ゴミかよ！ゴミゲー
きも"
2022-06-26 07:09:28,1,1,0,うーんこの,操作性が悪くてアスレなんてやれたもんじゃない、あとアスレやってる時に、画面が黒くなるの、バグなの？仕様？バグだったら早く消してくれません？アンストしました、アバターの自由度は高くていいと思う、あと視点がヌルヌル動いて、なおかつ遅いのストレスです、自分の機種が低スペなのかは知りませんが、めっちゃラグくて端末熱くなります…
2022-06-26 06:34:41,5,0,0,ゼペット,面白いと聞いていたけど、実際整形をしてみたらゼペットIDがわからずできませんでした。難しかったです。運営さん！面白いアプリだと思いますが、戻ることができないので改善していただけると幸いです！
2022-06-26 05:12:29,4,0,0,すごく楽しい！,"ZEPETOを辞めた者ですが、すごく楽しかったです！ 自分好みの顔を作れたり、ワールドで遊んだり。色んな人と仲良くなれるきっかけになるゲームだと思います！でも、デメリットが2つあります...

1.バグが多い
私が古い機種だったのかが悪いのか、ワールドに入ることができなくて、すぐスマホのホーム画面に戻ってしまいます😢  漫画を見ようとしたり、作ったりしても、すぐに真っ白の画面に戻ってしまいます。なので、ZEPETOを楽しく始めたいなら、新しめの機種でやることをおすすめします😃

2.お金目当てのCrewが多い
「30ゼムのアイテム投げる」とか、「欲しリスあげる」などと、ギフトをプレゼントするCrewが多いです。金銭トラブルが増えるので、あまり良くないと思います。

すごく長文になりましたが、上記の2点以外はすごくいいアプリだと思います。是非入れてみてはどうでしょうか！(*^▽^*)"
2022-06-26 01:27:19,5,0,0,めっちゃいい！,暇な時に、フォローしている友達と会話が出来るから、めっちゃいいです！ぜひやって見てね
2022-06-25 21:08:24,1,0,0,本当に嫌い,themが貯められなさすぎて酷い。課金させようとしてる
2022-06-25 18:26:28,5,0,0,たのしー,たのしー
2022-06-25 07:58:20,4,0,0,面白いけど、ゼムや、コイン渡せるようにしてほしい,私は友達などに、ゼム、コインをギフト感覚で、あげれるようにして欲しいです
2022-06-25 06:49:19,1,0,0,つまらない,なんだかつまらない。
2022-06-25 06:10:37,3,0,0,ワールドで遊べない,"私は日頃iPadで使用しています。
ワールドで遊ぶと周りが黒く プレイしずら過ぎます、修正お願いしますm(_ _)m"
2022-06-25 04:38:35,1,0,0,Wi-Fiつながっているのにバチって消えるところ,Wi-Fiつながっているのになんか消えるのなんですか？もしZEPETO様たちがやっているのなら、やめてくださいね？
2022-06-24 23:05:29,1,1,0,アンインストールしました,"上のとおりアンインストールしましたなぜかというと飽きてきたしすぐ落ちて扱いにくいですまた戻るときは戻りますがとうぶんやりません
あんまりおすすめしません"
2022-06-24 17:16:27,5,0,0,もう1人の自分,本当に楽しい！可愛い！自分の理想にできる！ありがとうございます😭✨🎀💓💞
2022-06-24 16:41:01,4,0,0,良いゲームだけど…,クエストでクリアするとゼムが貰える表示が上にあったのにもう一度クエストを開くとコインになっていた
2022-06-24 06:47:28,3,0,0,アンケートについて,"･悪い点
最近通報で嫌がらせやCREWでの通報などで嫌がらせが起きています。課金していたりしてるので、バンされるのは嫌だなと思ってます。簡単に人を通報できると通報は嫌がらせされた人など迷惑行為されたらなどなのに逆に嫌がらせが起きていることが不便です。
･いい点
最近はイベントとなどが多いため楽しみにゼペットを開いてます。新作なども多くてcoinを貯めよて気持ちになるし貯まって買った瞬間がとっても嬉しいです。今後も楽しみにしてます。"
2022-06-24 04:05:18,4,0,0,皆んなも、やって見て！,"私は、楽しいと思います！いい点、悪い点を紹介します、ぜひ見て下さいm(_ _)m
♡いい点♡
まず、キャラクターが可愛いです💕キャラクターは、顔を変えたり、自分の好きなように作れます‼️服もいっぱいあり、探すのが楽しいです！ワールドもたくさんありオンラインゲームなので知らない人と一緒遊んだり、友達とかなんてできたりします友達と写真とかお話ししたりできます‼️写真は、投票したりできます。　　　
悪い点😭
まず、ゼペットをやってると、ゼペットがおちることがあります😭ワールドで遊んでたりするとおちる可能性があります。あとは、動きが遅かったりします💦動きが遅いと、携帯📱自体がおちちゃう可能性があります😭
これぐらいです‼️見てくれてありがとうございます😊みなさんもやって見てね！"
2022-06-24 02:52:26,3,0,0,開けなくなりました,"iPhone機種変してからなのかその前からなのか正確にはわかりませんが、
ゼペットを開こうとアプリタップすると
一瞬画面がでる素振りがあるのですが、消えてしまいます。改善策はありますでしょうか。"
2022-06-23 07:05:53,5,0,0,とても楽しいゼペット,みんなと仲良くできるから！
2022-06-23 04:59:10,3,0,0,楽しいけど…,"ゼペット初めていろんな人に出会えました
毎日めちゃくちゃ楽しいです
だけど最近ワールドに入った瞬間にアプリが落ちてしまうことが多く、フレンドさんとの会話中に落ちてしまったりして少し不便です
そこが改善されれば星5です"
2022-06-23 02:08:23,1,0,0,めちゃ良い,洋服かわいいし　やってる人多いから友達とゲーム内で会えるしあと、関係の輪が広がるからよくやってるしあと、最初はうまく行かないけど一ヶ月経ったらもうどハマりします
2022-06-23 00:23:18,1,0,0,バグ？,"ゼペット開こうとしたらバグで開けない
バグ多いアプリ"
2022-06-22 04:56:52,3,0,0,顔保存,"洋服など保存できるのに対して顔が保存できないのが残念です
顔など苦労して作ったのでまた顔を変えてもう一度同じ顔を作るのが大変です
そこを改善して欲しいです"
2022-06-22 03:53:38,4,0,0,楽しいですが,"ショップのバッグという言葉がバックになっていたり、公式の投稿でビッグという言葉がビックになっていたりすることがとても気になります。 ちょっと可愛い間違いで笑ってしまいます。

追記です
返信いただきありがとうございます。不具合ではなく、単なる言葉の間違いですので大丈夫です。わかりにくかったと思い、レビューを少し書き直しました。"
2022-06-22 02:04:56,5,0,0,どうやってLIVE配信出来るんですか？,あとメッセージの文字？を消すようにしてくれませんかね？どうやったらLIVE配信出来るんですか？
2022-06-22 01:52:27,5,1,0,( ⋅֊⋅ )‎و,コメント削除した時に『コメントが削除されました』って出ますが、それをなくしてほしいです、、🙏🏻
2022-06-22 00:35:58,4,0,0,バグ？,"いつも最高のサービスを提供して下さり、誠に感謝致します。
今回発見したアプリ内のバグのようなものについて、以下、簡潔に述べさせて頂きます。

・「作る」→「カメラ」→「ルーム」→「カメラ」で、中央のシャッターボタンらしき円を押すと、アプリが固まります。「ルーム」→「ムービー」の場合は問題なく、スムーズに動画撮影が始まります。"
2022-06-21 06:56:30,4,0,0,お世話になっております。,"2年以上ZEPETOで楽しく遊ばせてもらっています。
クリエイターアイテムや体型調節の幅も広がり、アバターゲームとしては申し分ないです。

しかしついこの間「つぶやき」という機能が終了してしまいました。
韓国ユーザーと日本ユーザーのみが主に使用していたようで、crewやWorldに比べて過疎だったのが原因と見ています。
Twitterのような感覚で投稿やcrewよりも気軽に会話ができるスペースは居心地もよく交流も取りやすかった為気に入っていました。
つぶやきが無くなった今、今までつぶやきを使用していたユーザーは低浮上となっている方が多いです。どうかつぶやきを復活、または似た様な場所を再度設けていただきたいです。
何卒宜しくお願い致します。"
2022-06-21 05:40:15,5,0,0,アイテムが豊富！,好きなSNSキャラのアイテムもあったり、価格も安くてハマりそう。
2022-06-21 01:39:57,4,0,0,いいとは思うけどラグすぎます,自分はZEPETO初めて日はそんなに経っていませんが、ワールドに行くときに自分は回線がいいのに画面が真っ暗になったり、ワールドに入れない、ということが多々あるのでよかったらもう少しラグくないようにしてほしいです
2022-06-20 14:36:06,3,0,0,アップデート後,"開かなくなりました、、、
が、1回アンインストールして
入る事出来ました。"
2022-06-20 02:42:28,1,0,0,短期マン,もっとthem貯めやすい方が良い気がするしアンケート不合格とかやめたい方がいいとおもいます
2022-06-19 03:05:32,1,0,0,バグで落ちる,"バグで落ちることがよくあります。
内容も会員登録しないと投稿やチャットができないのもどうかと思います😤
themもあまりたまらないので無課金勢の方には悲しいことだと思います。
そこを改善して欲しいです！
いいねがなぜできないのか私には意味がわかりません！
スマホの方でもZEPETOをやっているのですが、そちらの方では、誹謗中傷を受けました。どうにかしてください！"
2022-06-19 01:31:21,1,1,0,許せない！！,ZEPETO漫画で表紙をやって最初の方の所に行こうとしたら飛ばされてアカウントのホームに飛ばされてしまい投稿出来ませんどうにかしてください
2022-06-18 21:56:26,5,0,0,ZEPETO最高❣️,クエストが楽しい❣️
2022-06-18 19:25:17,2,0,0,アイテム検索のバグ,アイテムの検索をしてしばらくスクロールしていると、勝手にまだ見ていないところまで飛んで表示されるアイテムが減ってしまいます。改善していただけると嬉しいです。
2022-06-18 00:55:23,2,0,0,クリエイターギフトできる機能まだですか？(^_^;) 크리에이터 선물 수있는 기능 아직?(^_^;),"このアプリ何年も使用していてとても楽しいし最近はどんどん機能が追加されていっていると思います😸💞でもなぜか1番やってほしいクリエイターをギフトできる機能がでてきません(^_^;)
これはなんでなんですかね？多分自分が作ったアイテムを投げてそれで稼ぐ人とかが出るからとかもあると思うんですけどほんとにこれはゼペットやってる人みんなが思ってると思います(><)
大変だと思うけれどこれはほんとにほんとにやってほしいです🥲この機能が出たら間違えなしに星5です^_^
이 앱 수년간 사용하고 있어 매우 즐겁고 최근에는 점점 기능이 추가되어 가고 있다고 생각합니다 )
이게 뭐야? 어쩌면 자신이 만든 아이템을 던지고 그것으로 벌는 사람이 나오기 때문일지도 모른다고 생각합니다만 정말 이것은 제펫 하고 있는 사람 모두가 생각하고 있다고 생각합니다(><)
힘들다고 생각할 수 있을까 어디는 정말로 하고 싶어요 🥲 이 기능이 나오면 실수 없이 별 5입니다^_^"
2022-06-17 19:06:53,3,0,0,バグの修正,"最近ものすごくバグだったり、重かったりします。
そこら辺早く改善させて欲しいです。お願いします。
後、ワールドの中の荒らしが多いので、そこら辺も対象してほしいですねぇー"
2022-06-17 18:51:12,5,0,0,ゼペットcrew,色々な人とお話し出来て楽しいです！
2022-06-17 18:45:01,3,0,0,ジャンプボタンを…,"小学6年生からやってるんですけど
毎回思うことがあります
ゼペットのジャンプボタンが小さすぎて
ジャンプしないんですけど
荒野コードはボタンのでかさ変えられるのに
なんでゼペットを変えられないんですか？
作った人がめんどくさいってことですよね？
ゼペットやってる人は
ボタンが小さすぎて押せなくて
ジャンプできないって人がいます
その気持ちを想像してみて下さい
何万人の人が辞めているかわかりますか？
ゼペットで悪口書かれた・いじめられた
って人が多いです
あと世界観がバグるやつ作んないで
もらってもいいですか？
おかげでその人がいじめられてるんです
そ人の気持ち考えてあと
アップデートの時に
何が変わったか教えてもらっていいですか？
ワールドを作るのはいいですけど
すべてのワールド作り直してもらって
いいですか？何もないところに
何かが置いてあったり
それはあなたの設定のミスですよね？
なのに通報しました？頭おかしいんですか？
いいところがいっこもありません
キャラ作りから全部やり直したらどうですか？
みんな思った通りにできなくて
悲しんでいる人が多いんですよ？
ゼペット会社のせい
であと1日回できるルーレットありますよね
あれ💎ついてますけどあれって
絶対💎獲得できないですよね？
全部コインばっかり当たって
頭おかしいんですか？
コインだけだったらコインだけのルーレットを作るとか
💎だったら💎だけのルーレット作るとか
ないんですか？"
2022-06-17 16:57:11,5,0,0,非常にいい,このアプリはとても面白いです。服やアクセの種類も豊富で
2022-06-17 14:41:02,5,0,0,い い  ❕,"ゼ ぺ ッ ト 利用 さ せ て も ら っ て ま す 。

ほ ん と に ゼ ペ ッ ト は め ち ゃ く ち ゃ に

ア イ テ ム が か わ い い し 、充実 し て ま す ！

少 な い　時間 で で き る の で  め ち ゃ い い 

ゼ ペ ッ ト は じ め て み ま せ ん ？？"
2022-06-17 04:47:36,4,0,0,やろうとしてる方へ,ZEPETOはまず可愛い服やアイテムなどがたくさんあったり優しい人もいますが、🔞目的の人や詐欺師や暴言を吐くキッズがたまにいるので気をつけてください
2022-06-17 03:39:13,5,0,0,面白いなぁー,面白いから、皆んなに、愛されるのが、ZEPETOの良い所だよ
2022-06-17 00:36:07,5,0,0,さいこーう,"最高ー最高！なーんて、最強な時代なの、
さようなら、ありがとう、ゲームさん"
2022-06-16 15:23:28,5,0,0,zepetto,こんにちは。私は、zepettoをして100日経っている者です。運営さんzepetto3億人ユーザーおめでとうございます。治して欲しい所と、いい所を書きます。［悪い所］関係のないDMが多いので、グループDMは、人数制限して欲しいです。［いい所］フォローされるとフォローバックというのが出ていいと思います。
2022-06-16 04:41:54,5,0,0,面白い,このゲームはすごく面白い！自分の好きなキャラクターを作ったり自分のオリジナルキャラクターも作れる！このゲームにルールは無い！と言えるほど面白いです！
2022-06-16 00:51:34,5,0,0,ZEPETO楽しいけど、昨日起きた事件でやめたくなった,"毎日の夜に、いつもZEPETOワルドに行くんですけど、急に自動入場のところにワルドの名が全部英語になってます。いつもワルドの名が日本語のはずなのに「おしゃべりしよう」とか「繋がりたい」とか、急に今日が英語になっちゃってます。ワルド入る時にもみんな全部外国人です。いつもの通りの日本のワルド戻ってきて欲しいです、、😭
治る方法知ってる方教えてくれたら本当に感謝です🥲💖"
2022-06-15 07:07:06,1,0,0,12345678910,マジゴミアプリ
2022-06-15 03:21:04,4,0,0,くちぷく,できない人多いくちぷく
2022-06-15 00:18:34,1,0,0,やばい,先程やばいことがあったので書いておきます。広告を5回見ると500コインゲットというものがあるのですが、ネットワークエラーと言われて、500コインを受け取れませんでした。ちなみに3回目です。これはさすがにやばいです。おかしいです。もう星1にします。
2022-06-13 17:10:33,1,0,0,なぜ？,"ネットワークエラー表示が出て広告見れません。
クエスト出来ませーん。"
2022-06-13 15:55:07,4,0,0,きせかえ系で1番好きなアプリ,"きせかえアプリが好きだという方、是非ゼペットで遊んでみてください…(๏д๏)
服もたくさんあるし、他の人との交流も楽しめます！ミニゲームもたくさんあります…！
(改善点、思ったこと)
・顔の保存が出来るようになってほしい。
コーデ保存はできるのですが、顔はいちいち変えないといけないので、すぐ変えられるようにできたらすごく楽になると思います✨

改善点はひとつしか思いつきませんでした( ･ᯅ･ )
ただ、これはずっとあったら良いなーと思っていたことなので、是非アプデで改善してほしいです💦

運営様、いつも楽しませていただき、本当にありがとうございます😊

運営さんに届きますように(｡>人<)"
2022-06-13 07:29:28,5,0,0,運営さん！,コーデを保存する際、顔も保存できるようにして欲しいです！
2022-06-13 07:11:22,5,0,0,Zemをもう少し簡単に,"Zemを集める時に何かにお試し登録をしてゲットって感じでまだ私中一で母にお試し登録は後々お金がかかるからだめと言われておりできないのでもう少し簡単に集められるといいかもしれません例えばなんコインでZem何個ゲットみたいな感じで
まだ始めたばかりなので知識不足でこの方法しか知らないと言う可能性もありますのでご了承下さい
ゲーム自体とても楽しくてお気に入りです♪"
2022-06-13 04:21:57,2,0,0,更新してから,ゼペット自体ひらかないんですけど💦
2022-06-13 03:03:50,5,0,0,あはははダイヤちょうだい,ごめん🙏
2022-06-13 02:41:08,1,0,0,辞めて欲しい,"⚠︎ZEPETOのチャットで(ZEPETOやってる人から)変なチャット(18禁系等)が送られてきます。他にも投稿のコメントで批判コメント18禁系等などのコメントをされました。これからやる人とかは気を付けた方がいいと思います。。。
(公式さんから注意をして欲しいです)
でも普通に楽しいです😀WORLDで遊んだりしてやってました‼︎チャットで歌詞ドッキリなどなど…………ぜひ気をつけながら遊んで欲しいです!!(感想になっちゃいました……)"
2022-06-13 02:17:44,5,0,0,ゼペットいい所〜❕💞,"ゼペットは、1年前からやってますが、
すごいハマります👏🏻👏🏻
優秀のアプリです✨✨✨
自分の好きなアバター、
課金しなくても、可愛いアバターが作れるという事❕色々な可愛い人や、
沢山いて、凄い楽しいです❕❕❕"
2022-06-12 10:33:32,1,0,0,最悪,顔のカスタムしずらくなったし、つぶやきとかマッチングのやつまで無くなってた。気の合う友達作れんし、何故無くしたのか意味が分からない。
2022-06-12 10:26:49,5,0,0,垢BAN,"垢BANを無くしてほしい。
私垢BANされたので。"
2022-06-12 09:45:41,4,0,0,ゼペット改善点,"他の方のレビューを見させて貰ったのですがほぼ思ってた事同じでした。 語彙力がないのですが暖かい目で見てくれると有難いです。🥲

良い点

自分で好きな服などアイテムを作れる

１回しか服を作ってないんですけどキャラクターの画像など絵を書いてデコレーションしたりと楽しめた 工作などが好きな人にはおすすめです！😌

人気グループやアニメなどのコラボ

ワールドや服 靴 髪 などの細かくできたクオリティの高い仕上げにびっくりしました！

悪い点

gemが溜まりにくい

Androidはアプリなどでクリアしたらgemが貰えますがiPhoneは初回無料などアンケートしかないのでiPhone民からするとgemが全く溜まりません課金すれば早い話ですが課金出来ない方にとっては辛いです。前みたいにたくさんのアンケートや間違え探しなどをまた出して欲しいです。ジャンプマスターで1時間かけてやったんですがgemが1gemも貰えませんでした。

あっち系や いじめ などのワールド

小学生がいじめごっこなどあっち系のワールドを開いて困ってます他に辛いなどのワールドがあって見てるこっちが辛いです。改善お願い致します。😓

詐欺 トレス 無限転載

人の画像などを悪用してあたかも自分のように使ってる方がたくさんいます。また詐欺や裏技などしてる方がいるので改善お願い致します。💦

いらない 服 アイテム

最近いらない服 アイテムなどが増えてきてるので返却機能などが欲しいです。💦

レビューはこれだけです。長文失礼致しました。🙇‍♀️"
2022-06-11 22:23:37,3,0,0,楽しいけど……,ログインボーナスについてです。 1週間ログインしたらthem1とかして欲しいです。アンケートできない人はクリエーター買えません🥺 あとバグが多いのも修正していただければ嬉しいです😭✨
2022-06-11 15:48:34,5,0,0,サイコー,他のアプリとは違ってリアル的なので扱いやすいです。
2022-06-11 11:18:45,5,0,0,使用できない文字が含まれています,バグなのか単に運営側でシステムとしてやっているのか分かりませんが、最近使用できない文字が多すぎると思います。全く害のない言葉でさえも使用できない文字として認識されています。投稿する際、何も入力できません。「Comsept」も｢Photo｣も弾かれました。また、クルーでも何が使用できない文字なのか分からず何度も入力し直したのですが、全て弾かれ挙句の果てにクルーをブロックされました。NGワードの登録は確かに安全性等を高めることにはなりますが、過度にやり過ぎているせいで投稿したいことがろくに投稿出来なくなっています。何とかして欲しいです。
2022-06-11 06:56:12,3,0,0,いいところと悪い所,"ゼペットをやらせてもらってるものです！！
今回はいい所と悪い所を言いたいと思います

（いい所）
・かわいい服やアクセサリーが多い
・クリエーターで安いかわいい服がぞくぞく増えてきている
・自分で自由にお顔を作れる

（悪い所）
・Zemチャンスが出来なくなっている人がいる
・Zemを貰える量が少ない
・スクラッチが全然当たらない
・🔞目的でcrewを作っている人がいる
・病みアピcrewを作っている人がいる
・死にたいなどひらがなでも書いては行けないようにする
です。
悪いところが多くなってすみません。悪い所を治していただきたいと思っています✨次のアップデート楽しみにしてます🎶"
2022-06-11 06:25:06,4,0,0,いいけど、、,"いいんですがもっとここを改善して欲しい！！という所があります！
絶対フォロバとか言ってすぐ外す人がいるのでリムられ通知というのを作って欲しいです！そしたらリムる人が分かります。それか、プロフィールにフォローされています。とかを書いて欲しいです、、"
2022-06-11 04:05:37,5,0,0,楽しい！,やってみて分かったんだけど、ジャンプマスターが凄く楽しいです！
2022-06-11 03:30:07,4,0,0,これ追加したら神なんだけど,"どうも2年ぐらいZEPETOをやっている物です．．．
タイトル通り追加してほしいことがあります。。。。
それは自分が持ってるアイテムを無料で違う人にあげれたり交換することです．．．プレゼントだと人が作ったアイテムなどをあげれないし交換できない．．．その時にこれがあれば嬉しいし．相手も喜ぶと思うんです．．．どうかそれを追加してください．．．．"
2022-06-11 03:00:59,5,0,0,楽しい,楽しいし、好きな自分になれるからやってみてください❣️
2022-06-10 23:28:50,5,0,0,LIVEを誰にでも出来るようにしてほしい,とても楽しいのですが、やっぱり繋がりを感じたいのでLIVEを誰でも出来るようにしてほしいです。
2022-06-10 08:58:59,2,1,0,あんまし,民度低すぎだし小学生しかいない。
2022-06-09 07:30:49,5,0,0,マジで神ゲーだけど,神ゲーだけどLINEがないとあんまりできない
2022-06-09 07:23:17,5,1,0,一つだけ追加して欲しいー！,とっっってもいいゲームで凄く愛用させてもらってるんですけど、一つだけあります。あの、、人が作った髪の毛や服をプレゼント出来るようにしてくれたら嬉しいです(*^^*)友達に髪の毛をプレゼントしたくてお願いします！
2022-06-09 06:20:33,4,0,0,まぁ、,結構人気のアプリだし楽しいけど、個人的な感想はどのボタンを押せばいいのか分からない、服の値段が割と高め、スクラッチがあるのが変わり種で良い、などといった感じが頭の中に浮かびました。スクラッチに関しては完全なる運ですね、、、。予言すれば当たる！なんておもわないでくださいね(笑)他の人のレビューも参考にしながら考えればいいかと思います✨
2022-06-09 06:19:45,3,0,0,DMに気をつけて❗️,"たまにプライバシーに関するのを流出してくる人がいるので気をつけてください!!
それ以外は楽しいと思います。
そういうのをきちんと取り締まってください！"
2022-06-09 04:27:51,4,0,0,改善お願いします,"課金出来ないバグが起きています、(1部)
改善して欲しいです。"
2022-06-08 23:40:54,4,0,0,🕸,クリエイターの服とか髪の毛とかもプレゼントできるようにして欲しいです。
2022-06-08 15:11:43,3,0,0,消せないゲーム広告がある,最近新しく入った広告で消せないゲーム広告があります。毎回アプリを開き直すのがめんどうです。それまではそんな広告ありませんでした。
2022-06-08 04:52:52,5,0,0,とっても楽しい！,"4年間ぐらいやってるけど，全然飽きません！！
今，やるかやらないか迷っている人は，やってみたらどうでしょう！人によって，
「入れて良かった〜！」
と思う人も多いと思います！

〜内容〜
・着せ替え
・ダイレクトメッセージで，友達と喋れる！
・ワールドで遊ぶ
・ZEPETO LIVE
などなど，言い切れないほどいっぱいあるよ！"
2022-06-08 02:00:43,5,1,0,とても良い100点満点最高,わたしは何年も何年もやり続けてます。ですがこの20年間つまらなかったなどのたいようはゼペットに対して何もありません。これからも続けて行きたいと思いました。
2022-06-07 22:47:25,5,1,0,悪い点,themが中々貰えません。無課金の方も中々themが貰えなくてクレクレしてる方がどんどん多くなってきています。そこら辺は直していただきたいです。あと、私がアンケートをしようとしたら、アンケートが出来なくなってるんです。もう出来なくなって1年は経ちます。運営さん、直していただきたいです🫠‪‪💦‬
2022-06-07 20:28:15,4,0,0,本当にお願いします🙇‍♀️,"運営様へ
めっちゃ凄いアプリを作って下さり、
ありがとうございますm(*_ _)m
1つお願いしたい事が御座います
次のアプデでクリエイターの物を投げれるようにして頂きたいです！！私の願いは、これだけです運営様の目に止まればいいなぁと思ってます"
2022-06-07 04:42:52,5,1,0,直して欲しいところ,"①ワールドに行ったらすぐに落ちちゃいます

②全然themがたまらないしアンケートが出来ません"
2022-06-06 13:21:25,5,0,0,如何なモノ.,nill.
2022-06-06 08:12:12,5,0,0,してほしい,早くクリエイターの服とかをギフトできるようにして欲しい！！
2022-06-05 16:48:15,5,1,0,最高‼️ぜひ入れて！,"私はゼペットを使っているものです！
服や髪は可愛いし、髪、服作成することもできます。広告も短く、最高です😭👏✨
アプリ内であまりゲットできないものがたまに無料で出てきたりします！
それに楽しいイベントがたくさん開催されます！
ぜひ入れてみてください✨"
2022-06-05 08:06:04,4,0,0,最近……,"約1年ゼペットをやっているんですが、ハッキリ言って個人的に、短所と長所があります。長所は、可愛らしいスキン、交流、ワールドや、アスレももちろんミッションなど、普通に楽しいです。ワールドで遊んだり、アバターの着せ替えをして、楽しんでいます。
短所は最近、強制的に落とされたり、ラグくなったり、フリーズしたりなどが多くなってきてます。あくまで個人的感想ですが……
ただただ私自身の端末の状況が悪いだけかもしれませんが、そのワールドだけ、ラグかったり、フリーズする事が多かったり、強制的に落とされたりします。落とされたあと、アプリを閉じてやり直したり、少し時間を置いてからまたやったりと、色々試してますが、結局強制的に落とされてしまいます。そこの所を運営さんにも確認して頂きたいです"
2022-06-05 06:25:41,4,0,0,楽しいアプリでした！,"半年間zepettoを遊んでいました。

私はフォロワーが1400人程いて
関係さんも相方だけいました。
とても優しい子で
毎日楽しかったのですがリムられ期や
アンチコメント、ゼペットへの依存などで
つい最近辞めてしまいました💦

これから始める人達のために
運営さんにお願いしたいがあります

①無課金でもちゃんと楽しめるようにしてほしい

 最近の公式アイテムはほとんどゼムで無課金の子には買えないです💦coinで買えるアイテムを
増やして欲しいなと思います。

②ワールド

 ワールドにランダムで入ってしまうと
エモ顔限定の所に美形の子が入ってしまい
エモ顔に暴言を言われてしまう場面をよく
見ます。直接タップしないと入れないようにする
設定を追加してほしいなと思います。

③おすすめフィード

よくおすすめフィードに載っている投稿は
編集動画やクリエイターの投稿ばっかりで
編集が出来ない子はおすすめフィードに載ることが出来ないんじゃないかと思ってしまいました💦
私も2回程おすすめフィードに載りましたが
どちらも編集動画です。

最後にこれからゼペットを始める方へ

私は課金勢でしたがクレクレに遭遇した回数は
1回のみであまりクレクレには遭遇しませんよ！
あと1番初めに顔を作る時は
ピンクのパジャマを着てる子を
カスタムした方がいいです！
ほくろがあってロングの子はカスタムが難しいのであまりオススメしません💦
実写投稿もしない方がいいです！実際実写投稿を
している人のコメント欄は「かわいい！」
「○○でこれは天才すぎんか？」など
書いてありますが実際そんなこと思ってないのが半分です。
  
長くなってすみませんでした🙇🏻‍♀️
半年間楽しませていただきありがとうございました！！"
2022-06-05 03:56:50,1,0,0,いいところ盛り沢山だけどばぐおおい,課金して買ったものが着れないので直して欲しいです。
2022-06-05 01:56:18,3,0,0,課金したのに反映されない,今日ゼペットにて課金しましたが860円分課金した分が反映されません。再起動したりしてみましたがそれでも反映されませんでした😭……学生でもあり余りできない課金なのでショックです😿他に関しては服など可愛くて気に入ってます✊🏻ですが反映されないバグ？などは無くして欲しいです🙇🏻‍♀️🌀
2022-06-04 23:54:57,3,0,0,楽しかったけど…,"3年間ゼペットで遊ばせて頂いております。ですが、最近続々不満が出てきていてそこを修正していただきたいです。

1 ジャンプマスター
ジャンプマスターに関しては前にも言いましたが特に修正されていなかったのであまり期待はしていないです。

・ジャンプマスターをすると熱を持ち壊れる。
この問題点に関しては昔使っていたiPadが壊れた原因です。ジャンプマスターは個人的に好きですが、一回やるだけものすごい熱を持ってしまいます。

2 通報
よくよく投稿などで見ますが、ルールに従っている人がアカウントを停止されて、破っている人が暴れていることが多いです。

・通報されたアカウントの停止
これは「何回通報されたら」などの条件により停止されるのでしょうか年齢制限の話も出てきますが、小学生などが喧嘩などをしてその喧嘩相手を通報させてアカウントを停止させるなどの行為があります。"
2022-06-04 23:34:52,3,0,0,楽しい！けど,運営様ありがとうございます！運営様が作ったアスレチック、ジャンプマスター。それをプレイしても、毎回ホーム画面に戻ってしまいます。改善してほしいです…
2022-06-04 20:46:25,1,0,0,重大のバグ修正してください,アカウント消える思い出を消さないで修正してください
2022-06-04 08:33:54,2,1,0,themなかなか貯められない,Androidでもなくてもアプリでゼム貰えるようになるともっといいと思います
2022-06-04 08:10:36,1,1,0,操作性悪い,他のアプリと比べて使いにくいです。あとすぐ重くなるのと熱くなります。
2022-06-04 07:19:07,5,0,0,バグ悲しいです,すごく楽しいし可愛くてとてもいいゲームなのですが最近服とか買ったり顔を整形するところの配置が右から左になったときに整形ができなくなったんです！(私のスマホがラグいだけかもしれないです)整形するために目のところでカスタムをおしたら白い画面のままでアバターが出てこないんです🥺しかもカスタムを押してなくても服のとことかでアバターをタップするとアバターが消えて白い画面になってしまうんです！なのでそこはちょっとなって思っちゃいました🥺
2022-06-04 06:49:18,4,0,0,アプデが、、、。,"ゼペットさんいつもおつかれさまです。
ゲーム、着せ替え、楽しくていつも癒しになるプレイをさせて頂いております。

ただ、1点使いづらい点があります。
ゼペットのアップーデートのことです。

着替えがとても面倒臭くなりました。
上にあるので片手で操作が難しくなったり、
戻すボタンが小さくて押しづらいなど。
ゼペットをやっている方が私を含め、
次々に
「アプデのせいで着替えがめんどうくさい」
「アプデしたせいで着替えむずくなった」
などの声を上げています。
せっかくアップデートver.を新しくしていただいたのに申し訳ないです。
ですが、ゼペットを使っている側としての意見は着替えのアップデートを元に戻していただけたら幸いです。

お目に留まりますように。"
2022-06-04 06:16:18,5,0,0,最高です。,自由度が高く、非常に満足しています。
2022-06-04 02:01:15,5,0,0,友達の件,"実は、今回の件ですがのあと言う方がいましたその方が…翔太さんの事悪口言っていましたので
辞めさせていただきたいです。"
2022-06-03 23:33:38,1,0,0,アップデートをして残念です。,"最近アップデートをして整形がとっってもしづらくてゼペットを消しました。前までは良かったのに残念です。あと治して欲しいところは服とかクリエイターの服の位置が左になって使いづらすぎます。
〈新しく入ってきて欲しいもの〉
・目の下のラメ
・クリエイターのギフト
・物の上に何個でも付けられるなど"
2022-06-03 22:54:42,3,0,0,アプデ最悪すぎ。,顔変える時身長高くしてるからめっちゃやりにくい。なんでこんなアプデにした？笑笑笑笑笑笑
2022-06-03 20:40:39,3,0,0,追加お願い🙏,ストーリー機能ください૮⸝⸝o̴̶̷᷄ ·̭ o̴̶̷̥᷅⸝⸝ა
2022-06-03 20:12:46,4,1,0,リクエスト,運営様いつもお疲れ様です。私は少しだけ提案をしたいです。無課金勢に優しい世界になって欲しいです。themも全然獲得できません。💦後は、クリエーターギフトの追加が難しいみたいですね💦💦でも私達は多分1番ついて欲しい機能です🥲お願いします🙇‍♀️🙇‍♀️
2022-06-03 18:38:11,5,0,0,楽しい,簡単にもう1人の自分を作れる
2022-06-03 04:30:20,4,1,0,お願いしますm(_ _)m,クリエイターの物を人にあげれるようにして欲しいです！あと、自分が作ったアイテムは自分で持てるようにと、買ってもらったら、作った人にthemが行くようにして欲しいです！あと、簡単にthemを稼げるようにして欲しいです！themがなくて、可愛いくできません
2022-06-03 02:49:34,5,1,0,ゼペットの悪い点を紹介したいと思います,"【悪い点】
・『アンチ』悪口などを言われてゼペットを辞めていった人もいるので悪口を言う人を少なくしてくれたら嬉しいですね。
・人の顔などを真似してなりすましをやる人がいますので少なくしてもらえたら嬉しいです。
・本当の顔などを上げている人も居るので辞めて欲しいです。

私はこれで以上です。
悪い点がまだまだあるので直して欲しいです。"
2022-06-03 02:27:43,5,0,0,いいけど…,私はzepettoをよく使っていて、ハマっています！ ですが、クリエイターのお洋服、髪型が送れない、受け取れないのがちょっと残念かなと、、😭あと通報とかももっとしっかりした感じがいいかなと思います！
2022-06-03 01:07:32,1,0,0,少し不満。,いまさっきゼペットの着せ替え画面を開いたら顔とか服とかインテリアの選択画面が右ではなく左になっていました。今までは右で慣れていたのと右利きということもあって左に来たのは正直とても使いにくいな、と思いました😅左利きの方はいいかもしれませんね。出来ればもとして欲しいです。それか右か左どっちにするか選択できるようにしてもらいたいです(^_^;
2022-06-02 14:02:23,1,0,0,つぶやき消すな,私の誕生日につぶやき消すとか最悪。つぶやき消えるならもうやめる。
2022-06-02 01:06:42,4,1,0,結構楽しいですよ〜☺️🖤,"1、2年ほどZEPETOを楽しく利用させていただいてもらっているもの(語彙力皆無)です。
今回は良い点と悪い点をまとめてみました。初めて使われる方は是非参考にしてみてください！(私は会員登録をしていないので1部変なところがあるかもしてません。)
【良い点】
まずは良い点です
　　　↓
・アプデで人気ゼペッターさんがライブできるようになった。
私はこの機能は好きなゼペッターさんの雑談などを聞くために使っています。基本的にはゼペッターさんがコメントを読んでそれに返信していき話していくという感じです。LIVEによっては違いますが、視聴者側が質問などのコメントをしたり可愛い！！などのコメントに対してゼペッターさんが対応をしています。LIVE機能には、マネージャーという機能があり、マネージャーになることで不適切なコメントを消したり不適切な方のアカウントでコメントをできなくする事ができます。
・クリエイターでの可愛いアイテムが多い。
もちろん公式のアイテムも十分可愛いのですが、クリエイターは数も多くデザインが色々あって楽しいです。ですがたまーに不適切なアイテムもあるので注意です。
・会員登録をしていなくっても楽しめる。
もちろん会員登録をしていた方が楽しめるのですが会員登録をしていなくってもCrewでお話がでしたり、ワールドに入れたり投稿を見れたりする事はできます。私は会員登録をしていないのでCrewやつぶやきなど中心でやっています。
【悪い点】
・アプリが落ちる
これはたまーに起こる事なのですが、1部のワールドなどに行くとアプリが落ちる事があります。ですが大体のワールドが大丈夫なので楽しめると思います！
・不適切なCrewなどがある。
ZEPETOをしている中であっち系のCrewなどがあったり、シにたい系のCrewがよく見られます。特に夜が多いです。こういうのは公式の方に何度通報してもなかなか減らないので注意をしてください。
・年齢制限を守っていない人がいる。
小学生がほとんどですね。機種によっては変わってくるのですが守っていない人が多く見られます。親の許可を得ているのならば良いのですが犯罪などに巻き込まれたり、そのような人が暴言を言ったりするので注意です。

以上です！長文に付き合っていただきありがとうございました🙇‍♀️参考になってくれると嬉しいです！
【あとはご自身でアプリを入れてみて楽しんでくださいね！！】"
2022-06-02 00:22:14,2,0,0,とても楽しいアプリだとは思うけど…,"チャット機能でネッ友を作れるのはいいけど…
それで私は個人情報を聞かれたりしました…
危ないのでチャット機能を無くした方がいいと思います💦"
2022-06-01 06:34:51,3,0,0,アイテムを購入したが,服を購入しましたが、表示されません。改善をお願いします。
2022-06-01 03:35:46,4,0,0,楽しい,(๑•̀ㅂ•́)و✧ポケカラで使おう
2022-06-01 00:30:54,4,0,0,無課金の人への配慮,いつも遊ばせてもらっています。 タイトルにもある通り，無課金の人と課金をされている人の差が酷いです。 利益のためには仕方ないと思いますが，何か対処して頂けると幸いです。
2022-05-31 23:30:37,4,0,0,めっちゃ楽しいけど…,"いつも遊んでて飽きないゲームです!!!
けど私はiPad民なんですがiPadではアクションのカメラで顔を
《ぷくっ》としたり《舌を出す》などが出来ないのでそこをアップデートなどで出来たら嬉しいです!!!
そして、クエストでthemがでる確率をupしてほしいです…
(できたら)"
2022-05-31 16:08:08,5,0,0,訂正願い,運営様方へちょっとした訂正？等をお伝えしたいのですが、皆さんを沢山フォローした時に、フォロー制限がかかるのですが、直していただけませんでしょうか。(1日ほどで直る)ゼペット愛してます！
2022-05-31 15:54:05,3,0,0,やめられない,ZEPETOをはじめた頃から全然やめられない
2022-05-31 08:57:09,5,0,0,いつも楽しくやらせてもらってます🙂,アニマル探検隊のアニマルチャレンジ？のthemのイベントまたやって欲しいです!!!!
2022-05-31 03:07:13,3,0,0,これから始める方へ,"いい点
・顔を自由自在に整形できる
・他の人とコミュニケーションがとれる
・推してくれる人などが多くなる
・服が多数ある
悪い点
・お金やthemが貯めにくい
その事に関しては、最初が1番大事。
どれだけ貯金してもthemがたまらない。
クエストなどの出る確率を高くして欲しいです
・アンケートが使えない
使えない人も多いと思います。"
2022-05-31 00:09:10,4,1,0,とても楽しいけど、、,ゲーム自体はとても楽しいです！でも、themを増やす機会をもう少し増やしてほしいです！！あとバグがちょっと多いです💦ゲームは楽しいのでこれからも続けさせていただきます！
2022-05-30 04:08:49,3,0,0,ここだけ改善して欲しい！！💦,"いつも楽しくやらせて頂いております！
服の品揃えも多く、レパートリーなども沢山あるので本当に飽きません！✨
ですが、1ヶ月前あたりからずっと同じ不具合が続いています。
Googleなどのアプリで調べてみるも、同じようになっている方が多数いるという情報を得ました。
その不具合というのが、「ゼムGETのチャンス」という項目を開くと、本来は表示されるアンケートなどの選択画面ではなく、「大変申し訳ありません」から始まる広告案件が表示されない画面が出てくるんです。
ゼムのアイテムをゲットしたい私にとって、とても困る不具合なので、いち早く改善してもらいたいのが要望です…。
色々な方の意見や不具合、より良くしようと新しい企画などを作成したりして忙しいとは思いますが、改善して頂けるようよろしくお願いします。"
2022-05-30 01:50:15,4,1,0,改善して欲しい点について,"毎日ゼペットを遊ばせてもらってます‪‪.ᐟ.ᐟ
とてもハマっています。
服などが可愛く、色んなコラボもありとても楽しいのですが、改善して欲しい点についてお話します┏○

まず、私が1番直して欲しいのは
“ゼムが貯めにくい”
という点です。
服などは、コインでも買えますが、クリエイターや、コラボのアイテムはゼムで買うことになります。正直、コインよりゼムのアイテムの方が可愛いです😿ですが無課金勢からしたら1ゼム貯めるのもかなり難しくなってきます💦
運営側としては課金させたい気持ちはすごく分かります。なので例えば毎日遊んだらゼムを貰えるようにするなどと、コインよりは少し貯めにくいが、きちんと貯めれるようにして欲しいです🙇‍♀️

続いては、
“クリエイターの服はギフトできない”です。

公式のアイテムはギフト出来ますが、クリエイターのアイテムはギフトすることができませんよね、、先程も言った通りゼムはかなりためにくいのでクリエイターのアイテムを買う場合はどうしても時間がかかってしまいます。
クリエイターのアイテムの中にはかなり高価なものもあるので、ギフト出来たらな、と思います。˘ᵕ˘﻿ 

最後は
“バグが多すぎる”  です。
急にワールドから落ちたり、急に肌の色が変わったり、目のパーツの位置がおかしくなるなど、バグが多いような感じがします🤔
スマホの容量などの問題もあるとは思いますが、改善して欲しいなぁと思います、

以上が特に直して欲しいと思う点です。
他にもメッセージの取り消しができるようにしてほしい、など細かい点はありますが、
少しでももっと良いアプリになるようアドバイス(?)させて頂きました。

最後になりますが、運営様、無理なさらないように😌

長文失礼しました😵‍💫"
2022-05-30 01:40:24,2,0,0,なんともいえない...,"zepettoを遊び初めてから大体1年は経ちますが、最近は最悪すぎます。
今からzepettoを始めようとしている方にzepettoの楽しい所とだめな所を教えたいと思います。
楽しい所
・ネッ友が増える
・暇つぶしに丁度いい
・アバターが可愛い
ぐらいでしょうか。
次に問題の悪いところです。
・運営の対応が悪い
・明らかに小学生以下の子供が遊んでいる
・誹謗中傷、アンチがいる
こんな感じです。
まず運営の対応が悪い。という所に関してですが
まず下ネタ系の名前にしている人や、zepettoを出会い系にしている人。などとにかくいろんな方が遊ぶゲームなのにこういう非常識な行為をしている人が沢山いるのにも関わらず全然対応しているように見えない所です。
次に小学生以下の方が遊んでいる件について
Androidの方は3歳以上から遊べるらしいのですが、小学生でたまに非常識な方がいると悪口を投稿のコメント欄に書いたり、リア顔、雰囲気投稿を載せたりしている所です。

zepettoは楽しいですが、その反面悪いところが多いゲームなので、遊ぶ時はそういうこともあることを承知の上で遊ぶことをおすすめします。"
2022-05-29 07:53:53,4,0,0,ギフトが送れない,ゲームは楽しくていいのですが、ゼペットを始めてから30日経っているのにギフトが送れなくて相手はくれたのに自分はあげられないのはさすがに辛いので30日たってないと送れないと言う設定を解除してほしいですバグなので少し時間を置いてくださいと色んな人に言われてもう1時間たっています😭
2022-05-29 06:43:40,4,0,0,マイク,ZEPETO全体ではとても面白くて年齢関係なく楽しめます。ですが、私だけかもしれないのですが、マイクが使えません。設定でZEPETOのところに行ってもマイクの設定がないです。これは何かのバグですかね、、、いつになっても出ないです、、、
2022-05-29 05:26:43,5,0,0,これはいい,無課金には厳しいけれどもとても楽しい。だけど最近いじめ学園というワールドができているので不安です。あと、変態なアカウントがあり、その人は、DMに来てエッチな画像を送った映像を晒しています。そういう人はアカウントをけしてください。
2022-05-29 04:11:18,5,0,0,アイテム(服装),こんにちは！！ゼペットをやっている｢ふわりもち｣です！！私は、服装で追加してほしい物があります。それは｢モアナと伝説の海｣のモアナの服装を追加してほしいです！！お願いします！！
2022-05-29 02:34:14,3,0,0,良い点、悪い点,"良い点↓
・ミニゲームが面白い
・服、髪型などが可愛い！
・色々な投稿ができる！
・ふたりでも出来る！
悪い点↓
一択ですね。
何もしてないのにデータが消えたことです。
頑張って集めた服が無くなったのでショックです。
今はインストールしてないです
データが戻ることはないと思いますが、返して欲しいです。
私も、中々ログインしなかったこと反省してます。

これだけです！
でも、ゲーム自体はすごく面白くて可愛い子ばっかりですw"
2022-05-29 01:55:17,5,0,0,かわいい,はじめてやった
2022-05-28 23:47:23,5,0,0,元に戻して欲しいです！🥺 修正して欲しいです！,"いつも姉妹でゼペットで楽しませてもらってます！ たくさんのコラボとかあって、KPOPアイドルとのコラボが個人的にめっちゃ嬉しいです♡☺︎ アップデートしたら、着せ替えの時の体制や、顔の表情が変わっていました。髪型やメイクアップのところの顔の表情も変わっていました。 前の時の方が良かったなと少し残念に思いました。 アップデートしてからコラボのページができて嬉しかったのですが、やっぱり着せ替えの顔の表情とポーズは前のやつに戻して欲しいです🙇‍♀️🙇‍♀️
あと、お気に入り登録が全部のものにつけれるようにして欲しいです！"
2022-05-28 23:33:42,5,0,0,(♡˙˘˙♡),"毎日楽しく遊ばしてもらってます。
様々なワールドで遊べたり、洋服を着せてアバターを好きなように作れたり、ネッ友が出来たりと凄く楽しいです！ゲームでcoinを貯めてアイテムを買えたりも出来ます！
ですが、zemという宝石が貯まりにくくイベントでゲットできるらしいのですがゲットできる確率が低すぎて私はゲット出来たことがありません。もし可能であれば運営さん達にお願いがありまして、zemを獲得しやすくして欲しいです…無課金勢ですので…💦"
2022-05-28 17:48:41,1,0,0,急に初期化されました,"今まで課金していた分が、全て消えてしまいました
どうすれば良いか困っています、至急対応をお願いします"
2022-05-28 00:36:34,5,0,0,15.5にアプデ後ログインできない,昨日の15.5アプデ後動作がすごく不安定。ログインできない事が続き、突然入れたりまた入れなくなったり。。。スマホ再起動でもアプリ再インストールでも改善されず。。泥ケーだと問題なく入れます。。アプデ対応宜しくお願いします!
2022-05-27 23:53:08,2,0,0,カスタマイズ,カスタマイズしている原型を表示して欲しい
2022-05-27 21:04:47,5,0,0,最近めっちゃ進化してて良い！！,4年？3年？ほど前からゼペットをやっています。最近進化がすごくて、クリエイターさんのカラコンなどが出てて驚きました💗！クリエイターさんの髪型とかもすごく可愛くてめっちゃいいアプデだと思います！！難点はワールドに行くと重い事ですかね…！アプリ自体が少し重いのでしょうがないとは思いますが、ちょっとでいいのでもう少し軽くなったらいいなって思います！
2022-05-27 19:48:37,3,0,0,楽しい！,"とっても楽しくて
とっても楽しくてどハマりしています"
2022-05-27 04:27:55,4,0,0,お願い,もっとtemを貯めやすくして欲しいです。顔の保存機能が欲しいです。キャラクター2体まで無料にして欲しいです。
2022-05-27 00:57:28,4,0,0,人生は音楽と共に,これから始まる生活に夢を持って幸せになりたい
2022-05-26 05:26:23,4,0,0,一年以上愛用してます！,437日愛用させていただいてる者です😉 良い点と悪い点などです ✰良い点✰ 服がとても可愛い コラボなどしていて、いいと思います クリエイター クリエイターの服は可愛くてやすいものも多く、非常にいいと思います ミニゲーム 楽しい！ ワールド 可愛いワールドもあって、自分でも作れる。 ✟悪い点✟ them themをGETのチャンスで、iPhoneとAndroidでは内容が違くて、iPhoneは取りにくい。 クエストのルーレット themが当たりにくい ワールド パソコンがなかったら作れない LIVE 決められた人しかライブが出来ない アプリがすぐ落ちる
2022-05-26 01:58:57,5,0,0,みんな大好きお菓子王国,お菓子好き🍪🍭
2022-05-26 01:37:28,1,0,0,乗っ取られた,めちゃくちゃ課金してたアカウント乗っ取られてアカウント削除されました
2022-05-26 00:19:42,5,0,0,ゼペット,"初めて今日やりましたがおもろいです！
あとはやりにくさを改善して欲しいです。"
2022-05-25 20:53:49,4,0,0,まあまあ楽しい,"入れようとしている方へ
基本楽しいですが、
プレイしている最中に出会い厨や
荒らしが多いのと通報やブロックも
意味がないとゆうことが残念です。
それがなければ☆5ですねꉂ(ˊᗜˋ*)

運営さんへ
上の文で言った通り荒らしやクレクレ、
出会い厨が多いのとブロックや通報も
意味がなく、バグが多いのも困っています。
次のアップデートでそこも改善して欲しい
と思いました😅運営さん検討を
お願いします(* .ˬ.)

長文失礼致しましたm(*_ _)m"
2022-05-25 07:26:26,1,0,0,お願いします。ラグいです,マップが黒くなる時があります。改善頼みます
2022-05-23 08:04:33,5,0,0,追加して欲しいこと！！,いつも楽しくゼペットを利用させて頂いております☺️ すごく使いやすくなったゼペットですが… 私的に追加してほしい機能があります！ ・クリエイターさんが作ってくださったお洋服をギフトできるようにして欲しい ・模様替えアイテムを作れるようにしたい ・themを貯めるのに無課金の方はとても大変なので１ヶ月に3them以上は溜まるようにして欲しい ↕️この件については、この機能(？)を追加すると、課金者様達から色々と批判の声が上がるかもしれないです… この3つが特に改善して欲しいな！と思ったものです！ 色々機能を追加するのもすごく大変だと思います😢ですが利用者側の意見も少なくていいのでお目に通して欲しいです🥲 私はゼペットが今入れているアプリの中で1番楽しいし1番初心者にも優しいアプリだと思っています！これからも楽しく他のユーザーとも話したり、ファッションを楽しんだりと、、、利用させていただきます☺️今後とも運営さん方よろしくお願い致します😊
2022-05-23 05:55:25,1,1,0,らぐっ,ワールドがラグいし重いしスマホ熱くなるしで大変なので改善お願いします(^-^)
2022-05-23 05:16:05,2,0,0,いいっちゃいいけど…,このゲーム入れるだけで重くなるしまともに操作出来ないからなんにも出来ないアバターは可愛いと思うけどそれ以外はなんにも出来ないアバター創作ゲームとしか考えられん…やる人はストレージの容量を軽くしといた方がいいと思う
2022-05-23 04:00:25,4,0,0,楽しませてもらっているけど,"これからゼペットの良いところと悪いことを紹介してみました‼️
良いところ
・洋服が可愛い
・ワールドが楽しい
・イベントが楽しい
・たくさんの洋服があるから楽しみやすい
・coinが手に入リやすい
悪いところ
・ゼムが手に入りにくい
・ゼムの服が高い
・バグが起きやすい
以上書かせていただきました‼️"
2022-05-23 03:40:00,1,0,0,うん,暴言はかれてついほうしたのにちゃんとたいようされてない
2022-05-23 02:50:58,5,0,0,面白い,楽しいです！
2022-05-22 21:05:49,3,0,0,私の思うこと。,"ゼペットを5年くらいやっていますが、
いい所と悪い所があります。
【いい所】

・ワールドに、好きなタイトルを書けるようになったこと。
・クリエーターが、細かく見れるようになったこと。
・DMで既読が着くようになったこと。

そのくらいしかいい所がありません。

【悪い所】
・themが溜めにくい。
・アンケートが出来なくなった。
・ジャンプマスターに行けなくなった。
・性的なcrewや、闇堕ちcrewがよくある。
・crewの服が以上に高い。

そのくらいです。
直して欲しいのは、
themをもう少し貯めやすくして欲しいです、"
2022-05-22 14:45:52,4,0,0,早急にお願い,"DMの送信取り消し機能を追加して欲しいです🥲
間違って送ってしまったりした場合とても困ります、"
2022-05-22 03:35:02,1,0,0,初心者,あの、ジャンプマスターが、できません。なので、この評価です。
2022-05-22 02:13:30,1,0,0,ジャンプマスターに行けなくなった,"前からお世話になっています。ついこのまえワールドのジャンプマスターに行こうとしたらなぜか、データが読み込めないとエラーがでました。私のスマホが重いのかわからないですが、ジャンプマスターのみ？が行けないのでそこのところ少し考えてもらいたいです。
ゲーム自体は面白いので、そこの点として🙆🏻‍♀️です。どうか、またジャンプマスターに行きたいのでお願いいたします。"
2022-05-21 21:33:24,4,0,0,ワールドについて,以前はルームを作るから人数を選べていたと思うのですが、最近は人数を選べなくなっていて不便だと感じるので満員の人数を自由に選択できるように戻して欲しいです。
2022-05-21 19:16:06,5,0,0,楽しい,楽しいくて、いっぱいあって、大好きです🤗😻🌸🌺🥀🌹🌷💐🌻🌼💫⭐️🌟✨⚡️🌕🌈🌫🔮❤️🧡💛💚💙💜🖤❣️💕💘💖💗💓💞💝🔆🇯🇵🎌
2022-05-21 10:17:50,4,0,0,バグ,"templateが投稿できないですしメンバー変更すると体型が変わってしまいます
ジャンプマスターもエラー読み込めない入れないです"
2022-05-21 08:18:39,5,0,0,ゼペットやろうとしている方へ！,"ゼペットはとても楽しいゲームです😖 
私も愛用してます！ゲームでハマったことは、ゼペットで初めてです⸜🙌🏻⸝‍ 
いいてんと悪い点(改善して欲しい)追加して欲しいコンテンツを話させていただきます😵
 いい点💕 1.アイテムや、髪の毛が凄く可愛い 2.クリエイターの服や、マップが作れる 3.DMで、フォロワーさんとお話出来る！ 4.推し活出来る 5.ワールドで、ボイチャができる 
 悪い点(改善して欲しい点)🙅‍♀️ 1.🔞crewや、死にたいcrewが多い 2.詐欺師が多い 3.犯罪者が多い 4.不適切な投稿がある 
 追加して欲しいコンテンツ😵‍💫 1.クリエイターギフトできるようにして欲しい 2.顔保存が出来るようにして欲しい 3.スマホでもワールド作れるようにして欲しい 4.無課金にも優しくして欲しい 5.themが簡単に貯めれるようにして欲しい です！ 
運営さんへ とても楽しいゲームです😭この中から参考にして頂けると幸いです🙇‍♀️ ゼペット始めようとしている方へ とても楽しいゲームですが、悪い点に書いてあることに気をつけて楽しいゼペットライフを！"
2022-05-21 05:35:47,3,0,0,ま、まぁ…こんなもんだよね,"自分は入れて3ヶ月程でアンインストールしたものです。
まずこのレビューは入れようか迷っている人達に見てもらいたいです。

まず個人的にですがこのゲームは課金ゲーまたは上の方にいる方しか楽しめなかったりと思います。
まずこのゲームにはコインみたいなものとダイヤみたいなものがあり、コインみたいなものは最初に少しですが貰えます。そのコインで最低限の服等が買えますが、本当に少しです。
最近はTikTokなどで可愛い衣装をよく見ると思いますがあらは幻としてみてください。
かわいい服は課金すれば買えると思われるダイヤか大量のコインが必要です。
まずこのことは知っといてください。
気軽に人と繋がれる点はいいと思うし、初心者向けの簡単なアスレチックもあります。
可愛い、可愛くないを気にせず人と関わってみたい、自由にマップを探索したい、などの目的の人はオススメです。
かわいい服や顔になって楽しみたいという人は向いていません。
課金する人ならオススメします。
自分は無課金勢なので無課金勢の、方々にはあまりおすすめ出来ないゲームです。
ガチャみたいなものがありますが、あれもほぼほぼ運ゲー。
長文すみませんでした。
レビューが、役に立つと嬉しいです。"
2022-05-21 04:09:28,4,0,0,投稿できない,"いつも楽しく使用させていただいております。
もうすでに存在しているハッシュタグを使用しているにも関わらず、使用できない言葉が含まれるなどと出て投稿がスムーズに行きませんでした。そして以前それ以上の長さの動画がアップでいている中で、今回につきまして、たった15秒の動画がアップできず、ましてやアップロード中に突然中断されたりなどかなり迷惑で困っています。原因が不明なので私になんらかの非があるのかもしれませんが、直していただけると幸いです。"
2022-05-21 03:49:44,1,0,0,前は良かったのに,アップデートする前はアスレチックに行く時スムーズに行っていのですが、アップデートしてから動きが遅くなりました。進むのもゆっくりになって非常に遊びにくいです。角度を変える時もノソノソ動いてすごくイライラします。
2022-05-20 22:57:07,1,0,0,考えられない。。。,少し間が空いてZEPETOに入ろうとしたらログアウト状態で「アバターを選んでください」状態になってました。下の方の「既にアカウントをお持ちの方」から入ろうとしてもあらゆる方法を使っても前のものにログイン出来なくなってました。課金もしていたのに少しの間ログインしてなかっただけでこの対応はありえないです。
2022-05-20 19:34:43,4,0,0,楽しい,私からは一言だけ クリエーターのものをプレゼントできるようにして欲しい……
2022-05-20 13:04:06,2,0,0,広告…,"トリマの広告ばかりなのに、トリマの広告だけが視聴終了しても×ボタンが出てこない！！！
だからスクラッチもスキップも何も出来ない。非常にストレスです。見ても意味の無い広告ばかり出るならやる気なくします。"
2022-05-20 03:40:49,2,0,0,ジャンプマスターに入れないです。,"いつも楽しく遊んでいます。
公式のジャンプマスターに入ろうとした
ところ、読み込みが途中で巻き戻り、
｢データが読み込めませんでした｣
と表示がでてきて、ジャンプマスターに入れません。
再起動、再ログイン、アップデートは
試しましたがどれも効果がありませんでした。"
2022-05-20 03:00:02,4,0,0,改善お願いします。,"いつも楽しくアプリを利用させてもらっています。最近は新しい機能が増えて便利になっていますが、改善点がいくつかあります。
まず、ゼムが貰えるアンケートなどが開けないことです。2ヶ月くらいこの状態が続いてしまっていてとても不便に感じています。
次に、コメントや投稿をする時に、ほとんどの文字が「使えない文言が含まれています」となってしまうことです。悪いことは何も書いていないのに、これが表示されて送れないと本当に困るので直してもらいたいです。
最後に、改善点ではなく、提案です。プレゼントで、クリエイターのものも送れるようにして欲しいです。理由は限られたものしか送ることが出来ないからです。
これからもよろしくお願いします。"
2022-05-19 15:43:08,4,0,0,アイテムを消したい,"いつも楽しく遊んでいます。
着なくなった購入済みアイテムを、MYの一覧から消せるようになったらいいな〜。"
2022-05-18 21:50:25,5,0,0,メタ楽しい,ダンスとかジャンプとか楽しい♪
2022-05-18 14:44:55,3,0,0,楽しい！,"運営様へ
いきなり今日crewを開こうと思い押したのですが開かなく、ずっと白い画面になりました！何故なのでしょうか"
2022-05-18 14:14:31,3,0,0,もう💢,スクラッチのこうこくを見た後に×マークが出ないんだけどどういう意味？直してよね💢
2022-05-18 13:06:50,3,0,0,最近,最近crewに入ろうとすると白い画面が出てきて入れません。そこを改善して頂けたら嬉しぃです
2022-05-18 06:28:09,4,0,0,返金機能ぅぅぅぅ,"いつも楽しくzepettoを使ってる者です🫶🏼💗
普通に楽しいし、どこも指摘するところが、
ないのですが 強いて言うなら
返金できるようにして欲しいです。
買って、やっぱり要らなくなった。
買ったお金が勿体ない、と 考えてしまうのが
よくあります😖
なので、買ったものを返せる機能が
欲しいです🙇‍♂️ 
返金機能をつけて欲しいと思ってます😶"
2022-05-18 01:40:01,2,0,0,楽しい,服も可愛いし、あまりラグくならないけど、ゼムが、あまりたまらないので、アンケート1問答えて、1themが、いい！
2022-05-18 01:39:15,5,0,0,ゼペット大好き,とってもおすすめです。アスレチックなどをしていろんな人と繋がることができます。自分のアバターも作ることができて、とっても楽しいです！
2022-05-18 01:31:02,4,0,0,とても良い！,"色んな人と交流ができる中、自分の好みのアバターを作ってワールドに行けると言うのが素晴らしい👏細かいところまで自分で細工してとても楽しいです！
 そんな中、クレクレやなりすまし、詐欺なども多く不快な気持ちになることがよくあります。
 アプデで追加して欲しいもの！
①themを毎日配布(例えば1日3themなど)私は課金しているのですが無課金の人にとっては最近のゼペットは思うようにオシャレ出来ないと思います。
②ワールドでのジェスチャーを増やして欲しい(カップル用とか、、手を繋いだり、ハグしたり)ゼペット内でのカップルが多く、今でもジェスチャーは多いのですが、カップルで写真撮影する時など毎回ぎこちない感じがしたりします。(例えば、一緒にジェスチャーをやりたい人をタップしてどんなポーズを取りたいか、選択出来る機能、手をつなぎながら歩いたりするのも可愛い♡)
③トーク中の際に、頭の上に入力中...という機能を付け足して欲しい。"
2022-05-17 09:28:07,5,0,0,らく,コインもゲットして、とてのかわいいです
2022-05-17 07:24:35,5,0,0,アンケートが出来ない,最近themゲットのとこを押しても画面が真っ白になります。改善してください。
2022-05-17 04:13:42,4,0,0,漫画機能を充実させてほしい,"バグかどうか分からないのですが、リメイクをしたときに完了ボタンをおしてどうなってるか確認して戻ったらリメイクしたコマがリセットされちゃうし、なんと言っても重いです。何十分もかけてつくったコマが無くなりました。
とてもやりづらいです。せっかくめちゃくちないい機能なのに勿体ないです…治してください…"
2022-05-17 01:48:03,2,0,0,投稿ができないです…,"なぜかわからないけど、投稿しようとしたのに、投稿ができません。
どうしたら投稿することができますか？"
2022-05-16 23:48:25,2,0,0,まじなんなん,"them溜まりにくいし無課金にもっと優しくしてよ　ジャンプマスター何回やってもthemたまらないしもうちょっと確率高くして！通報しても何も改善されないし通報は何のためにあるの？
たまには働いたらどう？仕事する気あるの？"
2022-05-16 07:18:08,3,0,0,追加して欲しい機能,"運営さんこんにちは🙇🏻‍♀️
個人的にはとても楽しく使わせて貰ってるんですが、最近クリエイターというものが出てきた沢山 服を買えるようになったんですが そこで着なくなった服などを
売る?ようにして欲しいです((返金有
よろしくお願いします"
2022-05-16 01:43:26,5,0,0,毎日やってます！,いつもやってて面白いです！
2022-05-15 23:09:41,5,0,0,最悪です…,運営様いつもお疲れ様です🙇🏻‍♀️♡ 勝手にアカウントが消えました…どうすればいいですか
2022-05-15 22:24:28,3,0,0,楽しいけど…,"ボイスチャットで暴言吐く人がたまにいるなぁ🥲
 本当にたまにだし、まだ一、二回しか会ったことないから楽しいんだけどね！
 あと、私だけかわからないのですが、最近マイアイテムのヘアのところが見えません。
Wi-Fiの問題かな？と思い、ずっと待っていても表示されません😭😭 
髪型変えるのがとても大変です。直してください😭 いつも楽しく遊んでます。 わからない機能もあるけど、少しずつ覚えていってます！応援してます！　 
［追記］
ひとつ目
Free zemでゲームインストールしてイベントクリアするとzemゲット！
ってやつ、いつからなくなったんですか？
前はあったのに、今は会員登録とかしかないじゃないですか。
あとは危険な個人情報を入力するアンケート。
そのアンケートは世帯収入とかを聞いてきたり、郵便番号なども聞いてきます。
アンケートではなく個人情報入力するだけです。
Freeとか言っときながらFreeじゃないですよね。
無課金勢には用はないと？
無課金でもある程度楽しめるはずだったZEPETOが金に飲み込まれたようで悲しいです。
直してほしい機能も多いです。

ふたつ目
ZEPETOのワールドで遊んでいるといつも通信が切れます。
ワールドに入っていなくても突然画面が固まって落ちてしまいます。
それからもう一度ZEPETOに入ろうとするとロード画面じゃなくさっきまで開いていた画面が一瞬表示されたり。

スマホの容量もめちゃくちゃ埋まります

頼むからもう少し軽くできないでしょうか。
それから、Free zem のゲット方法を前のように戻してください。
それから気になることとしては、スクラッチの倍率ですね。
頭おかしいんじゃ無いかってくらい当たらないです。
課金してほしいのはわかるけど他に方法ないんですか？"
2022-05-15 06:02:25,1,0,0,ひどい,頑張って作ったアイテムを「完成度が低い」と書かれた。
2022-05-15 05:09:26,5,0,0,ち,ぎちめにれつはまる
2022-05-15 03:42:47,5,0,0,さいこう,サイコ、面白い🤣このゲームしか勝たん
2022-05-15 03:16:03,5,0,0,飽きっぽいけど,ゼペットは飽きることを知らないくらい毎日楽しく遊んでます。
2022-05-14 23:34:50,4,0,0,欲しい機能とお願い,"1⃣服を売る機能
最近ゼペットのアバターのお顔を変えて、着ない服が出てきたので、服を売る機能が欲しいです！
また、服を売ったら、ゼムやコインがその服の値段分返ってくる機能も欲しいです！

2️⃣クリエイターの服をギフトできる機能
クリエイターの服がギフトできないのは辛いです…
お揃いとかもしたいので、ギフトできるようにしてください！

3️⃣クリエイターの服をコインで買える機能
クリエイターの服がゼムしかないし、高くて無課金には買えないものもあるので、コインでも買えるようにして欲しいです！

(お願い)
みなさんも言ってますが、つぶやきを消さないで欲しいです😭
ずっとつぶやきを使っていて、なくなるのは悲しいので、どうかよろしくお願いします🙇🏻

これからもより良いゼペットのために頑張ってください！"
2022-05-14 23:14:02,2,0,0,あんまり私は好きでは、なくなってしまいました。,私は、このゲームを少しづつしていますが悪口を言われてしまいました．なにもしてないのにと主は今も、思っています。( T_T)皆さんも今見ている方もいると思います。こんなことのないように気をつけてください。U・x・U
2022-05-14 21:38:19,3,0,0,楽しいけど…,"ZEPETOを前まではやっていたけど私は辞めました。そして今から良い点、悪い点を説明したいと思います。
<良い点>
①会員登録をすれば、誰かとトークできる。
・普段友達などと、LINEができない人は誰かとトークする事はとっても楽しいと思います。
②キャラクターの着せ替えを楽しむことができる。
・コイン💰やダイヤ💎を貯めて、自分に似合う服を買って着せ替えをしたり、髪型、顔の形、目、鼻、口、眉毛、メイクなどを自分なりに変えることができます。
③誰かのライブを見ること👀が出来るなど。
このように、良い点がたくさんあります。
次に悪い点を説明します。
<悪い点>
①投稿をする、トークをする、コメントやいいねする、ギフトをあげるなど今言ったこの事をするには、会員登録をしなければならない。
・会員登録は小学生の方達にはすることが難しい。
など今回は良い点、悪い点を説明させていただきました！
このレビューが参考になると嬉しいです！"
2022-05-14 18:10:41,5,0,0,楽しい,色んな人と出会えることがすっごく楽しい!!
2022-05-14 08:47:33,2,0,0,ワンナイトラブ,"出会い厨が蔓延る治安わるわるアプリや。
ぐへへ…(("
2022-05-14 08:00:59,2,1,0,悩ましい,"服を着せ帰る時の仁王立ちする感じのポーズをやめて欲しい
アップデートする前に戻って欲しいです。"
2022-05-14 02:51:06,3,0,0,ワールドについて,"まず楽しく遊ばせてもらってますありがとうございます。

 ワールドについて改善して欲しい点があります。
ルーム作成時に自動入室を拒否する設定が欲しいです！ ルームの説明文をしっかり読んでもらいたいからです！  新しい出会いも素敵なので非公開設定は使いにくいです！また荒らし行為などの時その方をkickする機能も欲しいです。ブロック機能はあまり役に立ちません！"
2022-05-14 01:02:35,5,0,0,本当に悲しい,"現在2022/05/14にこのレビューを書かせていただいております。1年半遊んできて少し重いのと年齢層が低いなとは感じておりましたが、とても楽しく遊ばせて頂いております。
ですが、このゲームにあるつぶやきという機能が6月にサービス終了ということを聞きました。
つぶやきを利用している通称「つぶ民」の私は悲しいでいっぱいです。つぶやきは私以外にたくさんの方々が利用しており、つぶやきでは「つぶやきが無くなっちゃうの悲しい」、「サービス終了しないで」という声がとても多く思います。というか、ほぼがこれです。
つぶやきをするために浮上をしている、という方も少なくはないですし、私も実際そうです。
おそらくこの声は届かないと思いますが、サ終したとしても同じような機能をつけて下さったらと思います。そして、サ終しない方向性も視野に入れて下さったら幸いです。"
2022-05-13 21:29:34,3,0,0,楽しいけど、、,"最近またゼペットをやり始めた者です。前1度ゼペットを辞めてしまいましたがまた戻ってきました。悪い点↓↓↓
個人的な意見ですが昔より不快な気持ちになることが増えましたワールドでも『 べびふぇ限定』や『 私とやりたい人来て🔞』『死にたい 』など一部の人しか行けなかったり心配になる様な内容そして安全ではないところ、最近はよくこのようなワールドを見かけます。さらにワールドだけでなくcrewも少し問題があると思います。ワールドと同じく『 死にたい』『 🔞』などといったcrewが少し増えたような感じがします。その他にも『 顔採点』という簡単に言えば人のアバターを特定の人が採点をして100点だった人にギフトをあげるというものです。ゼペットは自分の好きな顔にすることが楽しくて自分の好みの顔をつくるのがいい所なのでやっぱり自分の好みの顔に点数を付けられたり低い点数になると凄く傷付くし悲しいです。顔採点は最近ワールドでもする事が多くなってきています。自動入場をよくする私なんですけどたまたま顔採点のワールドに入場してしまい、急に点数を付けられてとても低い点数だったの
で、ショックでした。100点取れた人が私と同様低い点数だった人に自慢するようにやったー！！と言ってて不快でした。ゼペットは好き顔を作成して自分好みの服を着てみんなで喋ったりすることが本来の遊び方だと思います。顔に点数を付けられたりあっち系を求めるゲームでは無いのでもう一度ゼペットの遊び方を見直して欲しいです。😌
いい点↓↓↓
ゼペットを通してネッ友が増えるようになりました。悪い点に書いていたワールドの事についてですが全てが変なところではなくて雑談用や繋がりたいといった名前のワールドもあるので他のオンラインゲームよりはネッ友が出来やすいなと思います。そしてゼペットには有名な方もいるので推しを見つけることができるのもいい点だと思います。
個人的な意見になりますが服装に関しては私は、1番ゼペットのいい点に入ると思います。クリエイターがあるので公式さんが販売？している服とはまた違う感じでクリエイターの髪型や服装はリアルなものが多いと感じます。自分の組み合わせたコーデをみんなに知らせる機能があるのでよりたくさんの人と繋がれるのもいいと思いました👍🏻🔆"
2022-05-13 19:32:34,3,0,0,見てください,"最近使えないものを説明致します
服かわいい。

投稿し放題などいい点ですが、、

themという物がありまして
クリエイターさんが作った服をthemで買ったりするのに、アンケートを答えればthem貰えるみたいな感じでしたが

最近、途中失格が多くなくっております
この意見は私も、他のみんなもの意見です"
2022-05-13 09:26:33,5,0,0,気づいたらはや3年,"中３の時から3年間ずっとプレイしてます。なんだかんだ自分のペースで続けられるし楽しいですね。けどやっぱり3年前のあの初期の頃が楽しかったなぁ、と思ったりもします。懐かしい。
ファッショニスタになりたいっていう憧れもあったなぁ。本当に懐かしい…"
2022-05-12 08:57:37,3,0,0,魚って((うおって))しまう,こんちゃめいです✋ 私が言いたいことは主に2つ 1，最近はイベントが多くて楽しいからそこは良いと思います。ありがとうございます🙇‍♀️ また、公式のアイテムも最近すごく可愛いのでよく買わせていただいてます。私は課金してるけど、課金してない人でも買えるしいいなと思いました。そこも、ありがとうございます🙇‍♀️ 2，Worldへ行ったらすぐに魚ってしまうことです。これを見てる人は分からないかもしれないので簡単に説明すると、Worldへ入ってすぐに、もしくは入ってからしばらくすると自分の顔のパーツがバグって離れてしまう。ようは、魚みたいに目が離れてしまうことを魚ってる((うおってる))と言います。それがずっと嫌だなと思っていたので、改善して欲しいです🙇‍♀️ すごく上から目線かもしれませんが、良いところはもちろん沢山あるし、悪い所もあります。だけど、割合で言ったら良いところ８割，悪い所2割って感じです。わたし的に凄く良いゲームだと思います。みなさん入れてみてくださいね✊🏻
2022-05-12 07:57:33,2,0,0,久々にやろうと思いログインしようとしたら....,久々にゼペットをやろうと思いインストールしてログインしようとしますが、ログインできません。
2022-05-12 01:14:02,3,0,0,基本的には楽しいゲーム◎,"いつも楽しく遊ばせてもらってます
基本的には自由に遊べていいのですがZemを集めにくい印象です
もちろん課金もしますがクリエイターの服が全部Zemの為さすがにそんな頻繁に大量の課金は厳しいというのが現状です
freezemもSoftBankやdocomo限定のものばかりゲームをクリアして貰えるものも無しの為続けにくくなってます
freezemをどうにか改善して集めやすくするかクエストやzepetto内でzemが貰えるクエストやゲームを作るなりしてほしいです

いいゲームなだけありここでユーザーが減るのも寂しいのでお願いします"
2022-05-10 02:33:07,1,0,0,アップデートしてからゼペットが使いずらくなった,アップデートしてからワールドに久々に行ってみてやってみると行く方向が見れない。こっちのバグかもしれないけど凄く不便でやる気が無くなりました。前のゼペットに戻してください。そろそろ消そうと思います。
2022-05-10 01:41:17,4,0,0,ZEPETO入れる方に言いたい事,"今から良い点と悪い点についてお話します 良い点 服が可愛い！　コラボワールドが楽しい！普通のワールドも楽しい！ ミニゲームなどが楽しい！　漫画が面白かったりする！ 悪い点 🔞の漫画がある　ゼムが貯まらない｛ゼムとはコインでは買えない物を買うダイヤのような物です｝ 誹謗中傷などがある。例として言います「〇〇きもい！」や「こいつブロック&通報して！」など何もしていない人を通報させようとしたりしています。　キッズが多い！「この服ほしい！」やお前キモイねん！」とかあります。まあ私は被害などありませんが これくらいですね あとやっておいてもいいと思う設定について DM封鎖 フォローをした人だけ見れる設定 覚えておいた方がいい言葉 クレクレ　ギフトが欲しい！とばかり言うこと　⭐️🐿 ほしりすと言います略して欲しいものリスト フォロバ　フォローを返すと言うこと フォロー中整理　フォロー中が多くなった時に言う言葉。外して欲しくない人などはーなど言います くらいですここまで見ていただきありがとうございました！ではまた！｛ほぼ語彙力だったけど｝
追記
個人的に困っていること。
ミニゲームの丸太よけ 1度当たるだけで当たっていないのに当たった判定になります。そこを直して欲しいです、、、"
2022-05-09 09:34:28,3,0,0,ラグいけど自分の好きなアバ作れるから神,ライブ、配信とか部屋に居る時に結構ラグい事があります。 ザーバー強化のようなものがあればいいな〜
2022-05-09 03:28:15,1,0,0,おたんこなすさん。,つぶ消すなカス。
2022-05-09 03:26:29,1,0,0,つぶやきを消さないで,つぶやきはみんな残して欲しいと言っています。なんで消すのでしょうか？つぶ民の気持ちを考えてほしいです。つぶやき消さないでぇぇ
2022-05-09 03:07:50,3,0,0,悲しい,"今まですごく楽しく使わせてもらっていたのですが、、6月からつぶやきが消えるのは残念すぎます。。
つぶやきはたくさんの方が使っていますし消す意味とは？？って感じです、、
もう一度考え直していただきたいです。。"
2022-05-09 02:52:59,4,0,0,悲しい。本当に悲しい。,つぶやき消さないでください。つぶやきが大好きです。つぶやきをやるためにゼペットをやっています。つぶやきの人たちが大好きです。消さないでください。
2022-05-08 23:36:21,5,1,0,ゼペットは楽しいのですが,楽しいですがクリエイターズの服がギフトで送れるようにして欲しいです
2022-05-08 08:12:57,4,1,0,チョット…,"まずとてもゼペットは楽しいですが、すこし不満な点があります
①クリエーターズの服が無課金にはとても厳しいthem数なので可愛くて買いたくても貯めれないので買えない｡
②公式で可愛い服や髪型があっても全てthemで買えない｡
結論…とにかくthemのものが多すぎるので､クリエーターズのものなどを1万円くらいのコインの物もあってもいいんじゃないかなと思いました｡(文句を言ったつもりでは､ございません｡)"
2022-05-08 06:15:52,1,1,0,zem,zemさえ貰えれば完璧です(悪魔で個人の感想です)
2022-05-08 05:53:53,1,0,0,課金が反映されない,"Appleでは課金が完了したと通知がくるが、ZEPETOでは課金が反映されない。

その上ゼムの課金ボタンを押しても全く反応しなくなった。
バグなら直してほしい。
金だけ取られています。"
2022-05-08 04:39:07,5,0,0,カりすま,大好き❤💕❤❤
2022-05-07 22:00:21,4,0,0,追加機能が欲しい,"朝見てる方おはようございます。昼に見ている方こんにちは。夜に見ている方こんばんは。
運営様いつもお疲れ様です🙌🏻
ゼペットを始めて290日です。いつもお世話になっております。
ゼペットは色々な方と繋がれるのですっごく良いと思います。私もそれで今は出会って8ヶ月続いてるゼペ友が居ます😸
本題です。この機能を追加してほしいです↓
1・クリエイター様のギフトを出来る様にしてほしい
2・送信取り消し機能が欲しい
3・顔保存機能が欲しい
4・アンケートの当たる確率を上げてほしい
ですっ🙌🏻
多くて申し訳ないのですが追加されると私的にはとっても便利です☺︎
本当にいつもお疲れ様です🙌🏻
忙しい中すみません🙇🏻‍♀️"
2022-05-07 21:00:18,1,0,0,問題点,"運営様毎日お疲れ様です。
私はゼペットを初めて約1年経つと思います。
今日は良い点と改善した方が良い点をお話させていただきます。
・1つ目
いい点は新しいイベントとか色々出てきたりすることです。
今はこいのぼるですよね。そうゆうイベントとか参加したら商品が貰えるとかもいいですね。
・2つ目
2つ目は改善した方が良い点です。
ゼペットに動画を取れたり写真を取れたりすれる機能がありますよね。私実はそのカメラや動画が取れないんです。撮ろうとしてもまつ毛しか映らなくて困っているんです。多分それは私だけじゃなくて色んな人もその思いをしている方がいらっしゃると思います。なのでそこの点を何とか指定貰えないでしょうか？お願いします。
・3つ目
3つ目はアップデートができないこととわーるどに入ろうとしたら落ちちゃうことです。（ワールドは公式さんのワールドです）
まぁワールドに入ろうとしたら落ちたは問題ですよね。何とかしてくれないでしょうか？私からは以上です。ありがとうございましたm(_ _)m"
2022-05-07 16:47:28,5,0,0,ゼペット楽しいなーー！,おもしろくてアスレチックがむずかしいけどしんちょうにやったらすごく楽しいです。　「ゴールもおめでとう🎉」て言う感じがすごく感じます。　あなたもぜひゼペットをやってみてくださいーーーーーーーーーーーーーーーーー！
2022-05-06 22:35:33,3,0,0,持ち物アイテムを減らしたい,"過去に物を沢山購入してしまってアイテム欄がごちゃごちゃです。
なのでこんな提案をします。

いらないアイテムを削除できる機能

↑ こんな機能があれば、とてもやりやすくなりますし、アイテム欄もすっきりするんじゃないかなと。"
2022-05-06 20:31:13,5,1,0,直してください,アンケートを3回やりました。3them、4them、8them貰えるはずなんですが、友達のところに全部行きました。私のとこには1themも入ってきません。バグですか？ゼペット自体は楽しいので星5つですが、このバグを直してくれないとあんまり楽しめません。
2022-05-06 20:11:52,1,0,0,ゼペット,ガチゼペット最近髪の毛themのしかないから無課金勢からしたらほんと無理
2022-05-06 20:04:50,4,0,0,いいところと悪いところ,"・いいところ
服が可愛い
顔を自分で作れる
漫画を作れる

・悪いところ
themがあまり集まらない
服は可愛いけど高い
クリエーターのギフトを送れない

です！"
2022-05-05 07:46:23,4,0,0,バージョンアップで使いづらくなった点について改善して欲しいです,ゼペットを愛用させてもらっている者です！ バージョンアップで色々変わったことがあると思うのですが、使いづらくなった点があるので改善して欲しいです。 メッセージ機能についてです 。私のスマホの問題かもしれませんが、メッセージを送り、相手が見た時に、送信時間の上に『既読』の文字がつかなくなりました。とても使いづらいです。私の勝手な意見ではありますが、前のように『既読』という文字がつくように改善していただけるとありがたいです。 運営さん、検討の程よろしくお願いします。
2022-05-04 23:20:19,5,0,0,良いところと悪いところ,"・良いところ 
服や髪が安くて可愛いとこ
 ギフトを送れるとこ 
投稿できるとこ メッセージを送れるとこ
 ・悪いところ
 クリエイターのギフトを送れないとこ 
公式の投稿が毎日おすすめにのってる です!
悪いところを直してくれると嬉しいです!"
2022-05-04 18:58:13,1,1,0,改善して欲しい事,"1年くらいやってる私が思う事はアプリ機能はいいと思いますが容量的にムカつきます。
1つ目はスマホ機種関係なく軽くして欲しい
2つ目クリエーターギフト
3つ目フォロワー表示のバグフォローしているのにされていないバグ
4つ目カスタムをレバーで限界とか作るんじゃなくて普通にパーツズーム？みたいなのが欲しい
5つ目顔保存
６つ目themを誰でも多く獲得する機能
私の改善して欲しい点は以上です。
この機能が増えたらより楽しく過ごせると思います"
2022-05-04 18:04:10,3,0,0,クリエイターアイテム,"クリエイターアイテムもギフト出来るともっとよりよいゼペットになると思います✊🏻

クリエイターアイテムを買えない無課金勢の方と課金勢の方の間に差別というものが生じてしまうかと思います！

運営様クリエイターアイテムもギフト出来るように皆様も願っておりました。誠にお願い致します。"
2022-05-04 08:36:32,4,0,0,ワールドでお互いが見えない,今日友達とワールド行ったんですけど、お互いが見えないというバグが起こりしました😭これはなんでしょうか？もし運営側に問題があるようでしたら確認していただきたいです🙇🏻‍♀️
2022-05-04 03:50:37,4,0,0,クリエイターのを送れるようにしてほしい,お願いします。お願いします。クリエイターのを送れるようにしてほしいです❕
2022-05-03 22:18:27,1,1,1,はなげ,はなげ
2022-05-03 02:05:48,5,0,0,不具合（？）,とてもいいアプリで、いつも使わせていただきます。不具合なのかわからないのですが、「Zemゲットのチャンス!」と言うので開いたらいつもなら、色々出てくるのですが、今さっきやろうとして開いたら、出てこなくなってしまいました。
2022-05-02 23:37:19,5,0,0,楽しい◎,良い点◎ 衣装やマップ、ゲーム性はもちろん素晴らしいのですが、一番はジェム(Zem)で手に入れる衣装ですよね！！他の人が作っているので可愛いしレア感ハンパないです！簡単なアンケート答えるだけで無課金で今100ジェム以上持ってます笑笑　おすすめは絶対アンケートですよ！(課金しなくていいので！) 改善点× マップの操作性がすこし微妙だと感じます。方向転換がゆっくりしか動いてくれなくて、建物からよく落ちてしまいます汗
2022-05-02 16:23:39,4,0,0,とても素晴らしいアプリ✨,"はじめに、良い点と、改善して頂けたら御光栄な点についてお話しさせて頂きます。

【良い点】
・服のバリエーションが豊か
・新しい服がよく入ってくる
・プレイヤーが服を作れる
・よくコラボをするので、好きなアイドルとかが出たりします！(嬉しい、、)
・新しいワールドがよく入ってくる
・コイン(※ゼペット内でのお金)が貯まりやすい
・とにかく飽きない
・お顔のカスタムが楽しい！

【改善点】
・Zem(ゼム)(※ゼペット内でのお金)がコインに比べて凄く貯まりにくいです、、Zemを貯めるにしても、結局支払い手続きとか、ルーレット。(運ゲー)だったり、凄く難しいワールドをクリアしなければ貰えなかったりします💦
・改善点の上記の2つは無課金の場合なので課金すればすぐ貯まります。
でも課金って少し抵抗が、、という方はしょうが無いけど頑張って貯めるしかないですwww

こんな感じですね。どちらかと言えば良い所が沢山なので星4付けさせて頂きました。無課金者に厳しいのなんかどこのアプリも同じなんで課金の事についてはあまり気にしなくても良いと思います。
長文失礼致しました。"
2022-05-01 22:15:13,5,0,0,楽しい！,お金とかどうやって集めるのか分からない。けど色々楽しい！
2022-05-01 18:12:16,3,0,0,これからゼペットを入れようかなって思ってる人へ,"ゼペットにはいい点と悪い点があります。
下の文をよく読んでください。

【いい点】
・服が可愛い
・自分好みの顔が作れる
・他の人と喋れる
・自分で服が作れる
上の文がいい点です！ここまではいいんですけど……

【悪い点】
・胸や下の方を見せてくれないと晒すなどと言ってくる人がいる
（もう少し警備をちゃんとして欲しいです。）
・よくクレクレが来る
・🔞目的でやってる人がいる
・自動入場でい〇め学園や、セ〇〇スしよなどのものが出てくる
ここがダメですね……私も悪い点の1番上のことをされて、ゼペットを辞めました。

まぁこんなことはごくまれなので多分変なことをしなければないと思います！
ゲーム自体は、アスレチックが出来たり他の人と話せたり、とってもたのしいです！
でも、上の悪い点については気おつけて下さい！（特に1番上）((経験者は語る

よいゼペットライフを！！"
2022-05-01 09:08:07,1,0,0,ゼムゲットのチャンスは嘘。詐欺です！！,"ゼムが貰えるなら、と登録するとゼムが貰えると謳っているものをしました。ですが、1時間たっても2時間たっても、一向にゼムが貰える気配がありません。条件は何度も確認し、注意書きまで読んだので絶対に満たしていると思います。ZEPETOを通してのしっかりと登録しましたし、確認も取れています。運営にも問い合わせていますが、全く返信が来ません。一度しか登録できるチャンスはないのに…。こんなことなら登録しなければよかったです泣。本当に残念。時間を返して欲しいです。。
ちなみにアンケートの方はゼムが本当に貰えるようなので、そちらをすることをオススメします。沢山のゼムを一気に貰うには難しいかもしれませんがちゃんと貰えるようです。(他の方の投稿などを見ました)"
2022-05-01 07:05:47,2,0,0,運営側のクレーム対応がちゃんとしてない,themが貰えるなど、毎日更新するなどのアンケートも毎日更新してないじゃないかとクレームを入れたのですが、一向に治ってません。いつ治るんでしょうか？というか、クレーム内容をきちんと読まれた事ありますか？毎回themを貰うため、アンケートにお世話になりましたが、更新されなくなったのは今日が2度目です。こちらも更新されないと困るし、したとしても1つの案件しか出てこないんです。それもやりましたが、ゲットできず。ちゃんとしてください。
2022-05-01 05:11:59,2,0,0,テンプレート使えない,"テンプレート使用すると毎回落ちて使えない。
使えるのはフォトのみ。
クリエイターのアイテムもプレゼント出来るようになれば嬉しい。
試着のポージングは前の方が良かった。"
2022-05-01 03:11:35,3,0,0,直せ,"やってる途中にホームに戻るのうざすぎ
クリエイターのもプレゼントできるようにしろ"
2022-04-30 03:11:54,4,0,0,ZEPETOを入れようとしている方へ❕🙏,"ZEPETOを始めて1年目のゼペッターです❕
入れようとしている方に、良い点と悪い点を伝えます💦😖
………………………………………………………………………………
・リアルの自分が着れなかった服を自由に着せ替え出来る！
＝リアルの自分だとこれは着れない…って言う服でもZEPETOのアバターで可愛く着せ替えれます❕

・ワールドに行って色んな方と話したり遊んだり出来ます❕
＝自分の好みのワールドに行って好みの方へフォローしたり、話しかけたりして、仲良くなったりすることもあります❕

………………………………………………………………………………
悪い点😩
・アンチや誹謗中傷をしている方がいる😖
＝小さな子供がアンチや誹謗中傷をしている時があります😠でも通報やブロック機能があるので、対処できる時があります。

・ワールドに行くと自分のアバターの顔が初期顔になることがあります。
＝運営様にこれは対応して頂きたい💦💦

…まぁ年齢制限をちゃんと守ってネットでの常識さえ守っていれば楽しいゲームです❕🤍
これからもゼペッターとして、楽しくやっていこうと思います❕_:(´ཀ`」 ∠):"
2022-04-30 01:44:21,4,0,0,服とか追加してほしい❣️,"こんちゃ！ぜペットというアプリを作ってくださってありがとうございました😊楽しいです！
服とか可愛いしアニメの服もあったりするのですごく可愛いと思っています。
もっと服を追加したらいいと私は思います。アニメの服とたとえば進撃の巨人とドラえもんとか？できれば追加お願いします🤲！"
2022-04-29 22:17:00,5,0,0,わからない,"アプリはすごく楽しくて気にってます！
でも 連携して解除しても 解除されません
どうしたらいいですか"
2022-04-29 20:13:54,4,0,0,アプデしてからWorld行けませんなので4です,World行けるようになんとかできませんか
2022-04-29 19:57:13,4,0,0,追加して欲しいこと！,"ゼペット自体は最高に楽しいです！！
で、私からのお願いがあります！
アイテムを購入する時などにいちいち下まで行くのが大変です。目的とするものがどこにあるのかが分からず少しだけ不便なところがあるのでそこで絞るという選択肢を作っていただけたら嬉しいです！例えばですがピンクの靴を探したい場合ピンク、靴などと絞ることが出来たらもっとお買い物が楽しくなると考えました！語彙力なくてすみません🙇‍♀️"
2022-04-29 15:43:53,4,0,0,メリットとデメリット紹介,~メリット~ ①楽しみ方盛り沢山❕特にアスレがおすすめ ②広告が少ない(ほぼない) ③アバターはみんな個性しかない👊🏻💖 ~デメリット~ ①バグが多い(昔よりは少なくなったかな…) ②無課金勢には結構鬼畜で公式さんのアイテムは結構お高い💰
2022-04-29 09:25:47,5,0,0,少し困っています、、,"フレンドさんたちと楽しくゲームをさせてもらっていますが、少し困っていることがあります。
フレンドさんのオンライン状況は確認できるんですけど、その子をタップしても何も表示されることはなくどのワールドにいるのか確認できない状態になっています。一緒にお話がしたくても相手の方に行けないので遊べません。
バグでしょうか、、？"
2022-04-29 05:56:22,3,0,0,乗っ取り,"運営さんいつもお疲れ様です！！
ZEPETOはすごく面白いです！なんですが、、、、
わたし7万ほど課金していて、4500ぜむあったのですが、乗っ取りさんのせいで2700ぜむまで減ってしまったんです😿パスワードも変えられてて、乗っ取り防ぐ方法とかありませんか？？"
2022-04-29 02:56:52,4,0,0,themが…,"coinは、見つかるけどthemがどう取ればいいのか分からない！
だからあんま、ゼペット好きじゃない！
でも、アスレチックや着せ替えが出来るから、楽しい！

　　　　　　　　　　　　　　　　　　　どこかの誰推し！！"
2022-04-29 02:20:30,1,0,0,themの貯め方について,"1年ちょっと前に始めた者です。themが貯まらないのが嫌になって3か月ほどで辞めてしまったのですが、ゼペットで仲良くなった方と最近またお話がしたくなって再インストールしました。
もちろん1年前より洋服の種類が増えていてまた着せ替えが楽しいなと感じたのですが、やっぱりthemが全く貯まりません。themが貯まらないというレビューを書いている方が沢山いたので改善されたかなと少し期待していたのですが、むしろ1年前より貯まらなくなった気がします、、。私が悪いのかもですが、アンケートの種類がめちゃくちゃ減りました。1年前はガチで貯めにいって1日で10themがいい方でしたが、今は3themも貯まりません。
運営さん、themの貯め方を真剣に考えていただきたいです。成人の方は課金できますが、ゼペットは未成年者の割合が多いので余計です。宜しくお願い致します。"
2022-04-28 22:50:15,1,0,0,ダウンロードに失敗する,ダウンロードに失敗
2022-04-28 22:12:21,5,0,0,ライブ配信できない,ライブ配信ができる人とできない人がいるので全員できる様にして欲しいです
2022-04-28 21:59:24,3,0,0,アプデをしたら………,"半年ほどやらせていただている学生です。
今回、アプデをして、使えなくなったことがあったので、お知らせ致します。

まず、ワールドに入れなくなりました。公式さんのだけではなく、クリエイターさんのワールドもです。
ワールドで遊べなくなってしまったら、ゼペットの良さが1つなくなってしまいます。
私の機種などの問題でしたら、申し訳ありません。（一応アイフォンですが…………。）"
2022-04-28 21:21:05,3,0,0,バグが酷い,ワールドに入ろうとすると接続エラーと言うものが発生してしまい，大変困っています。 直ちに治してください。あと，ワールドへ入ったら見た目が魚のようになる「魚ってる」と言うものがあります。これもバグの一環なので治してください。最近ものすごく荒らしが多いです。そのせいで重くなったりし，すぐ落ちます。ちゃんと対策を取ってください。
2022-04-28 21:17:43,3,0,0,んー…,今さっき、アプデしたんですけど、ワールドに、行けなくなりました。どういうことですか？
2022-04-28 21:11:59,5,0,0,ゼペット……大好きなんです……でも……,私はゼペット大好きなんですでも急にワールドに招待出来ないバグ？みたいなのが発生して招待出来なくなったんです。せっかく友達も出来たのでこれは致命的なバグ？です……一刻も早くバグ？を直して下さい!!お願いします……その他はめっちゃくちゃ楽しいです。
2022-04-28 20:59:26,2,0,0,ワールドに入れない,前までは入れてたけどアップデートしてから、ダウンロードに失敗しました ってなってワールドに入れないです。直して欲しいです。。
2022-04-28 20:34:16,4,0,0,楽しいけど…,ZEPETOをアップデートした後ワールド入ろうとしたら、データをダウンロードできませんってなって…何回もやり直したけど入れませんでした。
2022-04-28 20:18:14,5,0,0,ゼペット,ゼペット運営さん！！ゼペットの容量がやばすぎてワールドに入れません！！！もうちょっと減らしてください！！！
2022-04-28 19:58:14,4,0,0,楽しい,"衣装も可愛いしキャラも可愛いですけどthemがない人には買えないものがあったり金払えと言ってるような感じがして嫌です少しでも安く出来ませんかね？
あと最近行ったことあるマップには入れなくなりましまたなんとかして下さい"
2022-04-28 19:46:23,4,0,0,ワ－ルドに入れない,ワ－ルドに入ろうとすると入れないんです繰り返して入ろうとするんですけど入れないんです、これってバグですか？
2022-04-28 19:20:30,1,0,0,遊べない,"ワールドに入りたいのに入れません
アプリを消したり落としても入れません
通報等をされるような行動とった事もありません早く治してください
ゼペットにかなりお金を積んでいるので本当に悲しいです。そもそも重かったのにそれプラスこんなワールド入れないとか流石に酷いです…早く治してください"
2022-04-28 15:55:10,5,0,0,これは凄くいい！,いつもお世話になっておりますこのゲームを4ヶ月経ちましたがこれは凄く可愛いし神ゲーだし素晴らしいデス
2022-04-28 09:56:38,1,1,0,着替え中のZEPETO,着替え中のZEPETOのポーズが変だし怖いのではやく元に戻してほしいです
2022-04-28 02:38:16,4,0,0,らりゅch,"こんにちは！YouTubeで活動しております。らりゅと申します。ZEPETOではたくさん遊ばせてもらっています。
ただし少し悪い点が一つあります。
それは課金ゲーではないのか？ということです。
ZEPETOにあるゼムというのは課金をするか、ゼムチャンス、スクラッチでしか手に入りません。
ゼムを使うアイテムはどれも凄い物です。けれどあまりにゼムを課金しても大変、ゼムチャンスも個人情報を入れなければならない、スクラッチは運でしか無理です。
少しゼムを獲得できるクエストなどを増やしてみてはどうでしょうか？"
2022-04-28 02:38:00,4,0,0,まあまあ,"良い点と悪い点があります。
       
            良い点
まず色んなアイテム、ワールドがある事です
アイテムは、可愛い服とかある事ですワールドは 
   アスレチックがあって楽しいです！友達とも一緒にやっています！

                 悪い点

まずゼムがあまり手に入らないんです課金しなきゃ貰えたりしないからそこをもう少し無料でてり入れる方法を増やして欲しいです❣️

以上です"
2022-04-28 02:29:14,4,0,0,着せ替え人形みたいにして遊んでます,"子供の頃大好きだった人形遊びのようにここ数年ほぼ毎日遊んでいます。
以前までは着せ替えをする際、キャラクターが色々な表情をしながら動いていたかと思いますが、最近は棒立ちになってしまって少し不気味さを覚えます。以前のように自然に体を動かしている仕様に戻して頂きたいです。それ以外は全く気になるところはありません！いつもありがとうございます！！"
2022-04-28 02:12:54,5,0,0,運営様へ,ゼペットいつも楽しく使用させていただいております！本当にありがとうございます！1つ意見がありまして、私がいつもコインを貯めるのに使っていたパーティゲームがなくなっていてとてもショックです。最近の新作は高いものが多いいのでパーティゲームを戻して欲しいです！お願いします！！
2022-04-28 02:01:13,5,0,0,大満足です。,"いつも楽しませてもらっています。
ありがとうございます！"
2022-04-28 01:40:24,5,0,0,悪い点❗️,ゼペットを新しくしないでください❗️👿
2022-04-28 01:25:37,5,0,0,神。,"こんにちは、このゼペットというゲームを2年ほどプレイさせていただいてる者です。
一言で言います、神です。"
2022-04-27 03:49:46,3,0,0,ワールド出た後。,なんかワールド出た後必ず固まるの何とかしてほしいです( ･-･ )
2022-04-27 00:51:29,2,0,0,楽しいのに残念、、、,"プロフィール画像変えたくて押しても、自分の持ってる画像に前まで変えられてたのに、まじで変えられない,,,何回やっても変えられんくてムカつく…"
2022-04-26 18:36:26,1,0,0,お願いします,コメント2回目失礼致します。またやり直してもデータ消えました。ガチでお金返してください😭
2022-04-26 15:19:03,3,0,0,メッセージ削除が...,ゼペットでメッセージ機能があるんだけど、自分が送ったメッセージが削除できないのが悪い点です。自分が例えば「ねぇねぇ!」「私実は○○なんだよ!」って言った時自分がやっぱり言いたくないことがあったら削除できないのが残念です😢メッセージ削除機能追加お願いします。
2022-04-26 15:09:45,4,0,0,ゼペット,凄くいいアプリなんですが。バグか何かで、アイコンが変更できません。押すと、ポーズを選択と出てくると思うんですが、出てきません。直ちに、修正して貰えたらと思います。機種はiPhone12です。
2022-04-26 06:32:25,4,0,0,たのしいけど……,このゲームは楽しいです。 いい点 服がかわいい💕 ワールドなどが楽しい メッセージが送れるなど(DM) 悪い点 ゼムが貯まらない クリエイターの服があげれない！ 詐欺に遭うことがある 中傷妨害がある ってな感じです 個人的にはこれらの点を踏まえてアップデートして欲しいです(笑)
2022-04-26 04:36:17,1,0,0,やろうとしている人へ絶対見といた方がいい！,楽しいですが、最近ルビーで買った物が、ないんです˚‧º·(˚ ˃̣̣̥᷄⌓˂̣̣̥᷅ )‧º·˚どういうことですか？それが嫌ならやらない方がいいと思います。お金を払ったら、ルビーがもらえるけど、私は買っていませんが、ルビーが無駄になりました。💢なので、ルビーをお金で払おうとしている方は、あまりおすすめしません。どうなってんの💢。
2022-04-26 03:42:12,1,0,1,While you can edit videos and create clothes,"I have reported a lot of rants and DMs in the WORLD metaverse to no avail, and users who are slandered have to either report it back or put up with it 😢The response is sloppy and always ignored by the staff 😢The only users who need it are the ones who make money. Face imitations and extortion of gifts are small issues, but harassment and threats on multiple accounts is also a game that is overlooked in too many places 😢WORLD and I was verbally abused a lot. I can't play casually because I sometimes meet people I blocked on WORLD. I have also been harassed with gift comments 😢Be careful."
2022-04-26 02:26:05,4,0,0,まぁ💦,私は、他のゲームから、自己紹介のところで1番おすすめが多かったので入れてみました。ベビーフェイスやら、可愛い顔や、可愛い、お洒落、格好良い服装にすることも可能で、とても楽しくて続けていると、クレクレ、暴言を吐いたりする人が私の眼球に入ってきました。その時は、多い～...のかなぁ？と、無視していましたが、最近結構多く見えてきました。themとかで買わずに、コインで服装やら買えるようにしてほしいです😓
2022-04-26 01:16:01,5,0,0,ゼペット,面白い
2022-04-25 04:33:28,3,0,0,コラボしてほしい,東京リベンジャーズとコラボしてほしいですお願いします
2022-04-25 02:25:41,2,0,0,ゼペット,課金が多いかも💦でもとても可愛いキャラがいっぱい作れる
2022-04-25 01:21:07,5,0,0,ゼペット最高！！！！！,ゼペット作ってくれた方本当に本当にありがとうございます！ おかげで私も楽しい生活がおくれています！出来ればなんですけど！毎日1them貰えるようにして欲しいです！！！！！
2022-04-25 00:36:38,1,0,1,愛理,ウザイ、楽しくない、キモイ、思ってたのと違い
2022-04-24 08:11:40,5,0,0,追加して欲しいものなど,ゼペット楽しませていただいております🙌 ですが追加して欲しい機能などがあります🙇‍♀️ ギフトした相手がやめてしまった場合に あげたぶんのゼム コインなどを返す機能が欲しいです😫 次に返品機能が欲しいです😮‍💨 やっぱり買わなくてよかったなあって思うものを返してコインなどが帰ってくる昨日がほしいです
2022-04-24 07:58:03,4,0,0,ゼムが…,ゼムが非常に無課金の人には貯めにくいと娘が隠れて課金をしていました。もう少しゼムを貯めやすくしてくださいm(_ _)m
2022-04-24 07:51:54,4,0,0,アンケートが、バグでできない。,私が、評価したのは星4です！とても、ゼペットは素晴らしいゲームだと私は、思います！けど、無料ゼムのアンケートができない。そこが、星5にならなかった理由でございます。運営さん、治してくれませんか...？そしたら、確実に星5でしょう！（（お身体にお気をつけください( ᵒ̴̷͈‪ᯅᵒ̴̶̷͈)
2022-04-24 06:35:38,2,0,0,新しい機能がめんどくさい,着せ替えなどは楽しいのですが、新しい機能がだるいです笑 それは、ワールドで遊ぶ時の操作？です。 歩いたりジャンプしたりする操作が何かとやりにくいです。ワールド内での設定があったのにないんですなので、BGMを消す 音声を消すなどの設定がなくないっているんです。それはほんとにやめて欲しいです前の方がいいです
2022-04-24 02:04:43,5,0,0,ZEPETO,めちゃくちゃ無料で課金をしたい！
2022-04-23 23:56:33,5,0,0,楽しく,やろう
2022-04-23 07:54:48,5,0,0,お疲れ様です,"とても楽しいアプリで楽しませてもらっている中3です
可愛い服もたくさんあって面白いのですが、アンケート(?)等themがためやすくなっても、ページが開けなくなるから直して欲しいです"
2022-04-23 05:08:56,4,0,0,くあからのお知らせ〜！,もう色んな人と会えて本当に嬉しいです！面白い人やいろいろ！でも課金しすぎて、辞めれないって話ですよねWWW自分のせいな？WWW
2022-04-23 03:41:48,4,0,0,楽しい,みんなが遊べるからめっっっっっっっっっっっっっっっっっっっっっっっっっっっっちゃいい
2022-04-23 03:33:56,4,0,0,とても楽しいです。,"最近始めたばかりですが、
エリアやアイテムも充実していて
とても楽しく感じます。

多少課金した方が衣装も充実するとは思いますが無課金でも十分楽しく遊べるかと思います。私的には操作もシンプルで結構慣れやすかったです。

色んなモードがあり、
アスレチックや特殊な遊び方があって
私は飽きずに遊べています！

モードに関してひとつ要望があるのですが、
slimepartyで遊んでいると望んでもいないのにPvPをしかけられ、幾度も倒されて不愉快な気持ちになる事があります。なので任意でPvPをオンオフに出来る様な機能が欲しいです。"
2022-04-22 22:18:07,4,0,0,ちょっと不具合なところを直して頂きたいところがあります。,あの、ZEPETOをやらせて頂いている者なのですが、少し不具合な点があります。私はiPadの方でやらせて頂いています。それで、初代の物なのですが、ワールドの方では無い方のカメラ機能を使うとバグ(暗くなる)が起きてしまいます。なので、改善してくれるととっても幸いです。ご改善のほど宜しくお願いします🤲
2022-04-22 20:43:46,5,0,0,なんかつまんなくなる,何年(?)かやってるんですけどthem集めるのが大変だし、毎回them集めしてると飽きちゃう☆
2022-04-22 11:08:58,4,0,0,メイクのアイライナー、マスカラについて,"最近久しぶりにZEPETTOをインストールしてまた楽しませていただいてます。
アイライナー、マスカラの黒色が洗濯できなくなってしまったのはどうしてでしょうか…？
元々、私はどちらも黒色でアバターを作っていたのですが、他の色に変えた際に黒色が選べなくなってしまいました…
もし可能であれば追加していただきたいです。"
2022-04-22 04:19:06,5,0,0,課金が出来ない,"課金が出来ません。
パスワードを打っても、出来ないようになってます。"
2022-04-21 21:55:15,4,0,0,好きなんだけど.............,ZEPETOというアプリは凄く好きなんですが、買ったものを返品してお金が戻ってくるという機能が欲しいです🥺お願いします🙇‍♀️この機能が追加されたらもっとZEPETOが好きになると思います~❕
2022-04-21 18:49:25,5,0,0,良き,欲を言えばもっと8人以上の写真を作って欲しいです！
2022-04-21 05:25:03,5,0,0,ゼペット大大好き！人間！,ちゃんとアスレチックでチェックポイントがあってやりやすいし後ゼペットのおかげで120人もフレンドができたからゼペットってゆうゲームがあって嬉しい！
2022-04-20 19:50:46,4,0,0,ネットワークエラー,広告でコインをゲットの為に、広告を開こうとするとネットワークエラーで広告を開けません。
2022-04-20 13:21:22,1,1,0,あまりおすすめはしません,"楽しいですがバグりが多いです
無料で遊べることはありがたいと思いますが、問題点は改善していただきたいです"
2022-04-19 07:01:24,5,1,0,楽しいんです。でも、,DM送る時とか文字制限がありすぎてやりにくい
2022-04-19 03:25:37,1,0,0,いつも使わせてもらってます！,フォロワーが増えなくて悲しいですどうやったらフォロワー増えるんでしょうか。
2022-04-19 02:51:31,5,0,0,them,"私なりにこういう機能があればいいなと思ったのがcoin〇〇個で1themと交換とかまぁそんな感じの
機能があればなぁ〜と思います！
是非次回のアップデートの時その機能を
増やして頂けたらなと思います！
よろしくお願いしますぅ😭"
2022-04-18 05:41:43,3,0,0,長年やってきて思ったこと,いつもZEPETOを使わせて頂いております~！ 今回レビューさせて頂く内容は主に2つ、『いい点』と 『悪い点（改善点等）』です。 まず最初にいい点 1つ目は服が沢山あることです。公式さんがだしている 新作の服は現実でも流行っている地雷、量産型などあり 沢山のジャンルがあるので好む方は多いと思います！ 2つ目はアップデート内容について。日々アップデートを されていますが、顔や体をアップに出来たり色々なことが 出来てとても使いやすいですっ！ 次は悪い点（改善点も含めて） 1つ目はクリエイターの服について。クリエイターさんの服は とても可愛らしいものがあり好みなんですが、課金していない方 からすると貯めなきゃ行けないというデメリットが発生してしまい 好きな服をを買えないということになってしまいます。 ですが、公式さんがだした服はギフトできるので課金する 必要などデメリットは発生しないのですが、それに比べて クリエイターさんが作成した服はギフトできないのでそこを 改善して欲しいですかね、、、 2つ目は年齢制限について。このアプリでは、中学生から 使えて、小学生などはまだ使えないはずなのですが、 たまーに小学生の子を見掛けて、危ない人になにかされないか、 なにか大変なことに合わないかと心配してしまいます。 そこのところもう少し厳しく検討をつけて欲しいです、、 以上で私からのレビューを終了させて頂きます。 悪い点はありますがあくまで、改善点なのでマイナスな イメージを抱かないで頂きたいです。これからも、 愛用させて頂きますね(⑅•͈૦•͈⑅)
2022-04-18 04:35:54,2,0,0,楽しいし服も凄い可愛いけどカメラを押したらすぐホ-ムにもどつ,"きて後は課金するとき30分以上かかりました，、、
他の人は楽に，楽しくやっているけど私はあまりつかっていません

ここまで読んでくれてありがとうございます🙇🏻‍♀️🙇🏻‍♂️"
2022-04-18 01:40:18,1,1,0,不便です。戻してほしい,"iPadでゼペットをやるとプレイ画面が端末いっぱいに表示されてて滅茶苦茶やりにくいです。不便。
スマホサイズに戻して欲しいです。画質も最悪ですし。

着せ替え画面のアバターも前まであった小さいモーション？とかが無くなり、棒立ちするだけで怖いです。前の方が良かった。

以上です。改善お願いしたいです。"
2022-04-18 01:17:18,4,0,0,追加してほしいとこ,"アカウントを消せるようにして欲しいです！
あとthemもログボの最終日（7日目）にしてほしいです！"
2022-04-17 20:17:27,1,0,0,小学生が生意気,クレクレしてくる。
2022-04-17 02:13:48,5,0,0,普通に楽しい！,楽しいたまに固まるけど、、、
2022-04-17 01:09:14,4,0,0,改善点,ワールドやcrewに不快な名前が多いので入れてはいけない言葉を作った方がいいと思います。
2022-04-16 21:04:20,5,0,0,国服yyds好吧,yyds
2022-04-16 20:31:14,5,0,0,素晴らしい,"いつもと同じく、いろんな機能があっていい🤭

でも、私だけかも知れんがカクカクしてワールドにはいると
アプリおちる…。
でも、楽しいっすからおすすめ！！"
2022-04-16 16:33:15,2,0,0,ゼペットが…,"楽しいゲームだと思いますけど
いい点と悪い点を言います。

いい点
・服が可愛い

・リアルな友達とオンラインでゲームができる

・ワールド（プライベートモード）で遊ぶと
楽しい

悪い点
・悪口を言っている人が多い

・悪い点なのかは分からないけど何故か
ゼペットをインストール出来ない😭
どうにかして欲しいです

・良く、「いじめ学園」と言う物が
前ワールドがありましてどうなものなのか
気になり、入って見ました。しかし
暴言を吐いたりするので役を聞いてみたんです
そしたら｢いじめられっ子」とニックネームで
言われました。そういうのはやめて欲しいです
まぁ今は終わりましたが、次こう言うのが
無いようにしてくださいね

なによりゼペット自体のゲームが
インストール出来ないのを自己中かも
しれませんが、直してください

長文すいません"
2022-04-16 09:23:34,4,0,0,運営さんお願い！！,"ゼペットは1番大好きなゲームアプリです👊🏻🧡
新しく機能を追加して欲しい事が2つあります！
1つ目
〜髪型をタグ付けでも表示するようにする〜
タグ付けしたらコーデは表示されるけど髪型は表示されないのがいつも悲しいです😿髪型もタグ付けでも表示されたらなと思います‼️
2つ目
〜クリエーターさんのアイテムもギフトできるようにする〜
クリエーターさんのアイテムをギフトできないのがいつも困ってます🥲お友達とおそろいコーデにする時に片方がゼムを持っていなかったらクリエーターアイテムさんでのおそろいが出来ないからです(＞＜)なのでクリエーターさんのアイテムもギフトできるようにして欲しいです‼️以上です。ゼペットは今のままでもとっても楽しいですが運営さん期待しています💓"
2022-04-16 08:39:53,1,0,0,ゼペット,運営さんゼペットを入れれないんです💧
2022-04-16 00:12:18,2,0,0,直して欲しい。,"いつもお世話になっております。
クルーを作る際に使用できない言語がありますと毎回出て作れません。決して卑猥な言葉は使っておりませんし、他にも同じ言葉を使っているクルーも見かけます。直して欲しいです。"
2022-04-15 22:01:20,4,0,0,楽しいです🥳,"ゼペット運営の皆さんゼペットを使っている者です。今回は私が直してもらいたい点と追加してほしい点といい点この3個お話させて頂きます。
1️⃣直してもらいたい点
直してもらいたい点はバグです。アスレチックをお友達としているといきなりアプリが落ちてしまい始めからになってしまいますので、直してもらいたいです。
2️⃣追加してほしい点
追加してほしい点はワールドを作れるようにして頂いたり、LIVEを2Kいっていなくてもすることが出来るようにしていただきたいです。
3️⃣いい点
いい点は沢山あります‼️1つ目は気軽にフォロー出来ることや、鍵を掛けてワールドに行くことが出来る。3つ目はDMが気軽に出来る。4つ目はLIVEがある。5つ目は題名を書ける。6つ目は投稿が気軽に出来ることです！
   あとユーザー3億人おめでとうございます㊗️
こちらの点で以上です。こちらの点を追加して頂いてもっと楽しいゼペットにしましょう🎶"
2022-04-15 20:01:59,3,0,0,出来なくなった,先程出来なくなったというレビューを書きました。そしてついさっき1度出来たのですがネットワークエラーが発生しましたと出て1度画面を消してからまたもう一度ログインしようとしたらまた『一時的エラーが発生しました』と出てしまいます。でもこれがなければとても楽しいです！
2022-04-15 16:15:44,4,0,0,お願い,"運営さんいつもありがとうございます。
私から2つお願いがありまして、
ゼペットで色々なダンスがあるんですけどどれがなんのダンスなのか分かりません。なのでBTSだったらBTSで分けて欲しいです。ᴛᴡɪᴄᴇとかだったらᴛᴡɪᴄᴇで分けて欲しいということです。無理だったら大丈夫です。
 
もう1つはクリエイターさんの服などをギフトできるようにして欲しいです。

2年間ゼペットやらせて頂いていますが楽しくないと思ったことがまだありません‪.ᐟ それだけゼペットが楽しいということです‪.ᐟ
運営さんいつもありがとうございます‪.ᐟ
体に気をつけてこれからも頑張ってください‪.ᐟ"
2022-04-15 06:15:31,4,0,0,いつもお疲れ様です( > < ),1年くらい使っているものです！ アップデートされてほぼいい点しかないのですが着せ替えするときのキャラの立ち方が前の方が良かったなという印象だったのでまた改善してくれたら幸いです(՞_ ̫ _՞)゛
2022-04-15 02:16:34,5,0,0,絶対今反応してください,これからゼペ友とワールドで遊びたいのに、アップデートが出来ないせいで遊べません。どうにかしてください！絶対今反応してください
2022-04-15 00:59:10,4,0,0,重すぎる,ゲームはいいのですが、ワールドに行く時止まってり、落ちてしまって遊べません、そこを改造して軽くして欲しいです、、重すぎて、何度も何度も落ちてしまいます、、
2022-04-14 18:43:59,5,0,0,不満,1つ不満があります 顔真似を良くさせるのですが注意しても辞めてくれません
2022-04-14 07:28:19,1,1,0,iPad,なんでか最近右下に出てた矢印拡張、縮小のやつ無くなって、coinを広告見てもらうところタップするとばかデカくうつるん。めっちゃ使いにくいから即消し。なんでなん
2022-04-13 19:02:42,1,0,0,ZEM,"アイテムを買ってないのに買ってるとAppleから請求が来て、返金を申し入れたけど返金がありませんでした。
で、もう課金は止めようと思ってて手持ちのZEMしか使ってないのにまた課金した請求が来ました。
また返金の手続きをしましたが何故でしょうか？
もうZEMの使用を止めようと思ってます。"
2022-04-13 07:18:50,4,1,0,毎日していて楽しい！でも…,"いつもzepettoで遊んでいます！
Worldや洋服の種類も多く、週ごとによって人気ワールドが変わるので毎回楽しいです(*´ω`*)
でも少しだけ思ってるのが、、
メッセージの取り消しが出来ないことです😭
友達とのメッセで誤字をしていたり、用済みな文章を消すことが出来ないので、改善して欲しいです🙇‍♀️"
2022-04-13 05:19:55,2,0,0,7日間一部の機能を停止されました。,解せぬ
2022-04-13 02:47:40,2,0,0,バグが多すぎる,ゲーム自体はすごく楽しいが、バグが多すぎて、楽しく遊べない。直して欲しい
